Age,Gender,AnnualIncome,NumberOfPurchases,ProductCategory,TimeSpentOnWebsite,LoyaltyProgram,DiscountsAvailed,PurchaseStatus
40,Female,66120.26794,8,Electronics,30.56860116,0,5,1
20,Female,23579.77358,4,Home Goods,38.24009661,0,5,0
27,Female,127821.3064,11,Home Goods,31.6332115,1,0,1
24,Female,137798.6231,19,Beauty,46.16705881,0,4,1
31,Female,99300.96422,19,Clothing,19.82359186,0,0,1
66,Female,37758.11747,14,Sports,17.82749293,0,2,0
39,Female,126883.3853,16,Beauty,42.08538352,1,4,1
64,Female,39707.35972,13,Home Goods,17.19029154,1,0,0
43,Male,102797.3013,20,Clothing,6.023474557,0,3,0
20,Female,63854.92108,16,Electronics,38.57246639,0,5,1
66,Female,66199.99393,11,Clothing,1.415531963,1,5,1
70,Female,83556.71813,11,Home Goods,42.17399933,0,4,1
54,Male,114467.229,9,Home Goods,17.62604367,1,5,1
64,Female,31880.89322,17,Electronics,22.75347252,1,1,0
19,Female,107485.6609,7,Clothing,28.26032123,1,4,1
70,Female,67049.59881,2,Sports,21.89509761,0,0,0
51,Female,129174.2089,13,Sports,21.80877609,0,0,1
18,Female,128374.4951,0,Home Goods,16.76826242,0,4,0
57,Male,71740.68808,12,Home Goods,40.69672742,0,2,0
20,Male,121499.0062,12,Beauty,21.24005222,1,0,1
59,Male,92768.23887,3,Home Goods,1.037023481,0,5,0
19,Male,116945.3918,17,Beauty,5.953791243,0,5,1
46,Female,133256.5827,7,Home Goods,41.68540087,0,2,0
22,Female,56597.75579,16,Sports,14.82783535,1,1,1
31,Male,78117.22069,13,Electronics,30.35346919,0,1,1
62,Male,108227.0944,18,Beauty,10.39038596,0,2,0
67,Female,102252.5442,14,Clothing,44.49593419,0,5,1
66,Male,97875.79633,17,Clothing,54.59355036,0,2,1
67,Female,23792.06927,15,Sports,28.6475068,1,5,0
48,Female,138727.3032,9,Electronics,13.7152586,0,2,0
52,Female,42589.00711,1,Clothing,3.626033317,1,5,0
63,Male,80023.0987,11,Home Goods,44.96924768,0,0,0
36,Male,144947.6131,12,Clothing,26.15156533,0,4,1
37,Male,101842.5006,16,Beauty,17.34032247,0,1,0
25,Male,139395.4362,1,Electronics,1.649788142,0,2,0
40,Female,107419.8647,15,Home Goods,28.88197533,0,5,1
53,Female,93069.46327,12,Beauty,44.39322491,1,0,1
30,Male,52154.24106,15,Clothing,18.96686816,0,2,0
66,Male,124009.2259,7,Sports,52.24461702,0,0,0
43,Male,48046.28829,5,Home Goods,29.53911611,1,0,0
43,Female,43303.22955,13,Beauty,2.757639738,0,5,0
68,Male,64874.9871,9,Clothing,42.14942186,0,4,1
59,Male,123832.8449,7,Home Goods,49.28016124,0,1,0
45,Female,99978.52697,15,Home Goods,40.62795363,1,0,1
50,Female,57327.93455,20,Clothing,30.65517682,1,3,1
61,Female,114517.379,12,Clothing,30.98195957,0,0,0
62,Male,67931.93221,11,Sports,58.26272557,0,5,1
53,Female,67808.71561,17,Electronics,32.09595923,0,5,1
18,Female,129969.7872,14,Clothing,15.87649339,0,4,1
47,Female,104216.268,13,Clothing,56.84931579,1,4,1
52,Male,40534.12697,1,Clothing,54.28825075,0,2,0
25,Male,29263.37461,2,Beauty,13.27825604,0,4,0
18,Female,38570.53735,5,Beauty,23.84751684,0,5,0
40,Male,33711.58099,16,Sports,11.79069013,1,4,0
22,Male,32401.90605,10,Electronics,42.61602584,0,3,1
35,Male,80147.82866,12,Home Goods,40.9703379,0,0,1
32,Female,90421.62561,15,Beauty,58.75625381,0,0,1
42,Female,108080.4948,9,Clothing,21.04186449,0,3,0
47,Female,75279.66411,8,Home Goods,51.85093954,0,4,1
31,Male,95411.54851,12,Electronics,57.81060642,1,2,1
33,Female,26258.56868,19,Beauty,12.92277523,0,5,0
23,Male,118155.4507,16,Home Goods,1.403604141,0,2,0
52,Female,116034.0096,0,Sports,21.42040151,1,3,1
66,Female,118928.7988,16,Clothing,41.05435289,0,2,0
55,Male,56724.48858,15,Electronics,54.99486114,0,4,1
59,Female,77136.51952,6,Beauty,54.91870113,0,3,1
62,Female,62288.36742,8,Electronics,11.59976098,0,0,0
40,Female,124336.1383,10,Home Goods,6.45848065,0,0,0
57,Female,56722.23672,1,Beauty,7.736843034,1,1,0
45,Female,101410.4618,19,Sports,25.43375936,1,2,0
33,Female,53837.29148,16,Sports,18.61109279,1,4,1
70,Male,119425.2741,4,Beauty,45.35588065,0,5,0
43,Male,86607.29108,14,Sports,40.27337954,0,2,0
42,Female,25069.48163,15,Clothing,1.797304896,0,1,0
43,Female,66806.56057,20,Sports,55.59200349,1,0,1
65,Male,36226.70582,12,Sports,30.70729717,1,1,0
68,Female,118640.913,13,Home Goods,11.47591726,0,5,0
40,Female,118450.3269,9,Beauty,43.45517426,1,5,1
64,Female,118052.2738,11,Beauty,56.20920643,0,3,1
24,Female,22837.04158,17,Home Goods,18.84134868,0,4,0
22,Female,86465.81009,20,Home Goods,53.63147275,0,3,1
40,Male,98472.83607,20,Electronics,53.05186978,0,2,0
25,Male,44363.55273,4,Beauty,7.011613484,1,1,0
68,Male,41751.76952,19,Beauty,14.81205723,0,3,0
68,Male,55711.49596,15,Beauty,22.18104532,0,5,0
43,Male,33234.47878,20,Clothing,51.35446764,0,4,0
23,Female,39149.39576,2,Clothing,26.42553885,0,4,0
26,Female,107636.9384,1,Home Goods,14.37731939,0,0,0
35,Female,70116.54762,4,Sports,40.45158221,1,2,1
70,Male,85814.58773,19,Electronics,13.07844778,1,0,0
31,Female,67812.17841,6,Beauty,49.30606181,0,1,1
43,Male,118837.677,3,Clothing,8.367334537,1,0,0
43,Female,69986.47259,19,Home Goods,55.46726533,1,4,1
27,Female,103956.9102,2,Electronics,32.59243203,0,1,0
36,Female,144485.532,19,Home Goods,31.0128245,0,4,0
31,Female,115923.0374,2,Clothing,35.61813902,0,1,0
58,Female,111633.2313,8,Clothing,44.2374619,0,5,1
47,Female,49291.20089,13,Sports,1.287236052,0,4,0
29,Male,64518.23725,6,Beauty,54.11842213,0,1,1
44,Male,114377.3883,16,Electronics,5.619798558,1,5,1
54,Female,90906.14302,3,Clothing,51.63019658,1,0,0
24,Male,98084.63865,19,Electronics,4.638800434,0,0,0
54,Male,28320.82506,3,Clothing,47.31540334,1,4,1
55,Male,29911.09834,15,Home Goods,34.02332872,0,5,0
29,Male,149326.5082,20,Sports,3.562568077,0,3,1
23,Male,142681.2071,12,Home Goods,25.50042482,0,2,0
25,Female,65146.01507,6,Clothing,38.49024732,0,4,1
54,Female,113399.0132,11,Electronics,29.65221331,0,1,0
18,Female,26716.93382,6,Beauty,29.21873638,0,0,0
34,Female,145241.2764,10,Home Goods,28.6297349,0,2,0
62,Female,93492.93309,0,Electronics,26.36083551,0,3,0
70,Female,59135.99012,5,Beauty,18.85807341,0,0,1
58,Female,90382.98896,5,Beauty,41.27335751,0,2,0
36,Male,29825.8698,5,Electronics,42.9427655,0,4,1
23,Female,20017.51009,5,Beauty,23.93181029,0,5,0
52,Male,22722.84493,18,Home Goods,50.14902157,0,3,0
33,Male,96410.01691,14,Clothing,21.25928958,0,0,0
47,Male,43065.74003,7,Electronics,17.22646158,1,2,0
40,Female,36167.89187,20,Electronics,49.71060207,0,2,0
52,Male,69898.28375,12,Clothing,43.32499367,0,4,1
57,Female,112561.8226,8,Electronics,18.05906639,1,0,0
64,Female,132261.1779,13,Beauty,35.30578293,0,1,0
43,Male,45897.98574,1,Sports,24.798494,0,2,0
41,Male,70461.5418,11,Home Goods,40.98321093,1,1,1
65,Female,26529.38149,18,Beauty,6.58617844,0,4,0
68,Female,30007.33072,19,Beauty,9.673882339,1,5,0
19,Female,24590.47614,1,Beauty,14.97105754,0,5,0
38,Male,115929.2611,20,Beauty,44.22931085,0,5,1
53,Female,30017.57629,14,Beauty,35.35200948,0,4,0
64,Male,112523.9647,9,Sports,16.4006751,1,4,1
70,Female,86224.87666,13,Electronics,56.32202618,0,2,0
21,Female,36652.44703,16,Sports,44.28492758,1,2,1
58,Female,143569.0368,20,Clothing,53.43604449,0,4,1
56,Male,95610.89809,5,Sports,35.65351968,0,1,0
32,Male,88939.27732,18,Clothing,31.73226118,1,1,1
18,Female,34941.28962,4,Clothing,51.11840137,0,1,0
22,Male,37476.56682,2,Clothing,13.28838283,0,3,0
64,Male,130545.2401,18,Home Goods,40.64659214,0,3,1
68,Male,21910.14053,10,Clothing,27.68882927,1,1,0
39,Male,126226.6585,19,Home Goods,20.84217757,0,3,1
44,Female,121888.7795,18,Home Goods,23.25354872,0,2,0
70,Female,86446.7881,2,Clothing,27.17838537,1,2,0
50,Male,136101.7267,13,Clothing,55.20609098,0,2,0
43,Female,114767.538,12,Home Goods,50.4096028,0,2,0
25,Male,72231.24409,0,Home Goods,16.82677118,1,3,1
60,Male,54492.39788,14,Home Goods,18.105561,0,4,0
65,Female,55499.2053,20,Sports,12.77809965,0,5,0
31,Male,51356.18949,13,Sports,32.94039567,0,1,1
52,Female,149123.152,8,Beauty,47.40842478,0,2,0
38,Female,56530.58486,9,Beauty,43.55224358,1,5,1
57,Female,79069.05349,8,Sports,43.2216223,0,2,0
55,Female,37596.0307,18,Clothing,42.42287145,1,4,1
40,Female,31322.05968,20,Clothing,9.333378184,0,2,0
65,Male,57988.36996,5,Electronics,49.27973006,0,3,0
46,Male,84195.82526,12,Clothing,13.35564258,0,3,0
43,Male,101042.7746,14,Sports,1.596751468,0,5,0
28,Male,114836.0697,20,Clothing,4.121538563,0,2,0
49,Female,135205.4515,20,Beauty,6.459184708,0,0,0
32,Female,58387.76423,15,Clothing,36.43579112,1,5,1
69,Female,120245.9661,13,Sports,33.58696835,0,2,0
40,Male,136232.2593,0,Sports,4.728108477,0,3,0
34,Female,102069.9819,16,Sports,41.1183309,1,5,1
26,Female,107903.0831,7,Home Goods,20.97806252,0,1,0
68,Male,102507.2655,6,Electronics,52.12061273,0,1,0
64,Male,72985.94711,1,Clothing,50.15830793,0,4,0
44,Female,85798.44217,9,Electronics,20.95562707,0,3,0
18,Male,29053.34926,17,Clothing,35.68623717,0,3,1
47,Male,73287.63566,9,Electronics,57.58597029,0,3,1
53,Male,55997.58336,17,Home Goods,13.40132615,1,1,0
50,Female,76422.5176,12,Sports,15.67902676,1,4,1
51,Male,85052.14894,12,Sports,30.48131059,0,4,1
33,Male,79662.26716,4,Sports,36.79303026,1,2,0
53,Female,21575.7007,10,Sports,59.90080664,0,1,0
52,Male,79310.74616,3,Home Goods,11.40994646,0,0,0
27,Male,145689.915,18,Sports,22.54844765,0,3,1
40,Male,30850.33105,7,Beauty,35.51092274,1,4,1
39,Male,98812.88191,3,Home Goods,46.30470545,1,5,1
20,Male,76422.72645,13,Sports,41.93871558,1,1,0
69,Female,41411.82595,16,Beauty,37.80087984,1,5,1
57,Male,86801.08035,7,Electronics,24.02698661,0,5,0
52,Female,34798.99115,5,Clothing,6.524340707,1,1,0
31,Male,122381.3812,1,Home Goods,42.81915663,0,4,1
56,Female,48679.55385,17,Clothing,10.11052969,0,3,0
45,Male,103533.4759,5,Beauty,27.53094165,0,4,0
53,Male,99329.26943,3,Home Goods,54.79194305,1,0,0
38,Female,30549.39321,0,Electronics,54.24998478,0,2,1
21,Female,82574.73971,9,Electronics,24.6677302,0,0,0
37,Male,122519.9454,5,Beauty,21.34141625,0,5,0
66,Male,41090.34275,3,Clothing,16.37983431,0,5,0
54,Male,97162.9216,11,Home Goods,32.24478816,1,1,1
36,Male,123789.4443,2,Clothing,54.07125314,0,5,1
21,Male,73640.83931,3,Beauty,31.35914563,0,3,1
47,Female,58647.80274,6,Electronics,47.64348561,0,5,0
24,Male,94343.39526,2,Beauty,40.19602263,1,2,1
32,Male,134714.1279,7,Clothing,16.70765859,0,2,0
22,Male,147050.028,2,Electronics,29.45518812,0,2,0
50,Male,81923.64533,5,Electronics,33.09776795,0,4,0
27,Male,120479.7926,19,Home Goods,15.74336878,0,1,0
43,Female,147283.6419,12,Electronics,48.01483265,0,3,1
22,Male,87622.086,2,Clothing,24.94291344,0,2,0
48,Male,35383.70482,10,Clothing,53.03655775,0,3,0
66,Female,141127.9835,0,Clothing,1.128864429,0,3,0
41,Female,108740.2388,8,Clothing,37.69854214,0,0,0
58,Female,122052.1507,17,Sports,21.25475718,0,2,0
39,Female,106829.5998,9,Electronics,44.3665428,0,1,1
68,Male,63219.30043,20,Home Goods,55.69324545,1,4,1
63,Male,73773.54774,7,Beauty,4.540483363,1,3,1
27,Male,56955.63208,3,Clothing,50.36705148,0,0,0
66,Male,60536.0973,16,Home Goods,55.95726056,1,0,1
42,Male,42778.83037,17,Beauty,59.98534224,0,3,0
44,Female,126873.4109,7,Sports,23.24345501,0,4,0
70,Male,115856.4201,9,Home Goods,19.04299717,0,3,0
39,Female,84715.62604,9,Electronics,56.51169978,0,4,1
49,Male,118377.6957,19,Sports,7.829842729,1,5,1
38,Female,101457.0264,14,Sports,57.65286627,0,3,1
61,Male,109107.7048,13,Home Goods,4.434833212,1,4,1
23,Male,97095.76344,13,Sports,24.56650446,1,3,1
43,Male,63450.98143,13,Beauty,3.029789299,0,1,0
36,Male,44193.18432,17,Beauty,11.49515947,0,0,0
69,Female,125530.0725,14,Clothing,25.98543855,1,4,1
29,Male,145204.9645,4,Sports,47.27200666,0,4,1
54,Female,142288.3019,15,Beauty,9.585520723,1,5,1
66,Female,124832.4702,11,Beauty,39.35668018,0,3,1
42,Male,109457.5118,1,Home Goods,5.176694725,0,4,0
50,Male,37571.61759,13,Home Goods,28.35370239,0,2,0
21,Male,76396.26454,18,Home Goods,52.57243796,1,5,1
35,Male,20996.32424,0,Home Goods,15.22279641,0,4,0
19,Female,28862.40022,19,Beauty,49.67708383,0,4,1
45,Female,135727.9503,14,Home Goods,40.91185647,1,0,1
40,Female,116574.5942,10,Home Goods,5.501844796,0,4,1
18,Female,61002.89645,0,Home Goods,46.83673114,0,1,0
27,Male,106996.0342,1,Sports,58.88475985,0,5,1
23,Female,23035.77252,17,Electronics,53.42988472,0,2,0
64,Female,62207.8705,2,Electronics,41.93792655,0,0,0
42,Male,76224.72418,9,Sports,24.47966044,0,4,0
38,Female,30519.5068,4,Sports,59.89379455,0,3,0
45,Female,129459.8119,1,Home Goods,41.45345321,0,3,0
25,Female,60735.22929,8,Sports,21.58335458,0,5,1
32,Female,51451.11844,4,Sports,32.86467999,0,4,1
18,Female,118931.0301,1,Home Goods,33.43139221,1,0,1
48,Female,146863.5881,6,Electronics,17.75944495,0,2,0
20,Female,59303.32242,18,Clothing,6.569451078,0,4,1
39,Female,140524.3818,13,Home Goods,53.38243743,0,5,1
57,Female,79069.05349,8,Sports,43.2216223,0,2,0
28,Male,53070.90551,0,Clothing,18.85476779,1,2,0
70,Male,126922.4733,12,Home Goods,41.17624419,1,4,1
43,Male,89293.75274,10,Sports,57.24566596,1,4,1
70,Male,123568.5816,5,Beauty,31.13029608,1,0,0
18,Female,24995.42537,15,Beauty,30.33652251,1,2,1
59,Female,86588.84971,6,Clothing,3.836659141,0,2,0
38,Male,144269.4478,17,Clothing,34.15493849,0,4,1
68,Male,134789.1972,3,Electronics,5.462191466,0,3,1
65,Male,65922.68311,15,Beauty,34.86181903,1,0,1
50,Male,113878.6206,15,Electronics,32.95421845,0,5,1
22,Male,29992.06979,1,Clothing,26.42828449,1,4,0
48,Female,130295.2993,19,Beauty,57.51681247,1,2,1
52,Male,46909.0352,7,Electronics,30.44741083,0,3,0
65,Male,100913.7734,17,Clothing,56.92394308,1,4,1
53,Male,55985.86001,15,Beauty,53.24800717,0,5,1
51,Female,30094.41351,15,Clothing,40.28560821,0,1,0
51,Female,78415.46647,9,Clothing,47.9906544,0,4,1
28,Male,55151.12723,17,Clothing,34.01739448,1,0,1
37,Female,104411.9022,3,Sports,5.621296254,0,5,1
61,Male,81997.01384,1,Beauty,36.99255738,0,4,0
33,Male,33082.87221,15,Home Goods,7.901999737,1,1,0
61,Female,28540.33166,3,Sports,40.10435823,1,0,0
57,Male,135943.3788,9,Sports,13.19194791,0,3,0
18,Male,86356.22357,11,Clothing,35.40099338,1,0,1
25,Male,111342.3905,18,Clothing,44.99207162,0,2,1
43,Female,147555.0288,17,Sports,52.52534152,0,5,1
68,Male,136365.3063,6,Home Goods,2.947704218,0,0,0
43,Male,101042.7746,14,Sports,1.596751468,0,5,0
30,Male,130105.951,16,Home Goods,27.17509918,0,1,0
50,Male,41425.92604,6,Electronics,29.86509282,1,2,0
56,Female,115264.2008,6,Clothing,57.21722896,0,3,1
24,Female,142778.3158,19,Sports,45.54856447,1,4,1
67,Male,110024.0675,8,Beauty,31.66141684,0,5,1
50,Female,109555.0893,20,Electronics,1.218442003,1,3,1
30,Female,64611.75591,12,Clothing,40.71356954,0,2,1
56,Female,87768.4862,4,Clothing,22.01874378,0,3,0
60,Male,84072.39598,4,Sports,23.19753332,0,2,0
57,Female,57765.58574,9,Beauty,30.35422965,1,3,1
30,Male,55902.04252,19,Clothing,25.26848713,0,4,1
35,Female,126987.8947,6,Sports,44.66105021,0,3,0
29,Female,67976.89283,16,Sports,57.39828717,0,3,1
37,Female,125816.135,14,Sports,27.32280613,0,4,1
22,Male,115866.3899,16,Sports,37.6523653,1,2,1
27,Male,90753.01559,20,Home Goods,51.66636951,0,5,0
43,Male,144286.1287,5,Sports,38.39149114,0,4,0
29,Male,127092.7499,7,Sports,55.96789574,0,3,1
49,Male,97118.80411,0,Sports,52.05237899,0,1,0
34,Female,58300.52153,17,Beauty,9.100899133,1,1,1
29,Female,116187.5357,2,Clothing,56.77311537,1,3,1
40,Male,87520.16174,15,Electronics,50.80696785,1,1,1
25,Male,40658.0618,18,Beauty,4.287951156,0,4,0
51,Female,61286.28338,4,Electronics,15.05435669,0,0,0
32,Male,113515.9709,5,Electronics,55.13514878,1,2,1
48,Male,38537.23873,3,Sports,4.684212223,0,0,0
36,Female,117347.4238,16,Home Goods,12.30860781,0,3,1
65,Female,55499.2053,20,Sports,12.77809965,0,5,0
38,Male,66615.2,14,Clothing,27.07256285,0,2,0
42,Female,27417.11375,19,Clothing,52.2685872,0,0,0
58,Male,85760.85008,18,Beauty,27.50719827,1,1,0
53,Male,29230.99639,19,Clothing,30.10356881,0,0,0
50,Male,41425.92604,6,Electronics,29.86509282,1,2,0
50,Male,90082.29186,11,Clothing,46.92201451,0,3,1
56,Female,48679.55385,17,Clothing,10.11052969,0,3,0
29,Female,38095.57117,14,Beauty,49.68967133,1,4,1
23,Male,126812.7967,15,Clothing,17.17567822,0,1,0
30,Male,35795.17892,18,Electronics,4.2268973,0,1,0
40,Female,36414.4164,8,Clothing,48.5225107,0,5,0
66,Male,143685.8753,14,Beauty,52.59403109,0,2,0
33,Male,79564.29528,3,Electronics,26.97063939,0,5,0
42,Male,46061.68702,5,Electronics,9.289930883,1,0,0
20,Male,44443.2155,9,Home Goods,11.46373034,1,0,0
25,Male,40658.0618,18,Beauty,4.287951156,0,4,0
67,Male,80311.07899,18,Clothing,32.97959711,0,5,1
54,Male,120704.9591,15,Sports,30.11099532,1,1,1
46,Male,38573.87497,9,Beauty,58.25587438,0,4,0
42,Female,35626.93979,19,Home Goods,54.63469003,1,0,0
30,Female,131433.3034,1,Sports,8.40934406,0,0,0
50,Male,74383.40233,13,Clothing,52.09536825,0,2,0
21,Male,85774.52801,9,Home Goods,44.50500535,0,1,1
67,Male,73836.86783,0,Beauty,35.36949287,0,1,0
38,Male,132143.2612,14,Electronics,42.54635782,0,4,1
64,Female,74941.79561,2,Beauty,49.63181117,1,2,0
48,Female,66830.40944,0,Electronics,17.91924578,0,3,0
58,Female,133454.9326,5,Beauty,58.9531076,0,3,0
46,Male,50866.35089,19,Electronics,59.74152452,1,0,1
68,Male,104526.142,8,Electronics,42.2725212,0,0,0
66,Female,117249.5133,3,Sports,7.326121258,0,2,0
56,Female,106914.4441,13,Clothing,58.35268079,1,0,1
65,Female,131818.1601,0,Home Goods,14.02124541,1,1,0
24,Male,35990.42837,11,Clothing,3.19608057,0,2,0
20,Male,53787.6473,12,Clothing,36.51689983,0,3,1
45,Female,145322.2629,16,Beauty,34.37060814,0,0,0
40,Male,71551.97866,10,Beauty,32.60394364,0,3,1
49,Male,87170.79008,3,Sports,11.35920688,0,0,0
61,Female,33701.11835,6,Electronics,27.85232963,0,2,0
36,Male,42558.18695,9,Clothing,14.15757959,0,2,0
56,Female,59513.03216,15,Home Goods,11.06174488,1,3,1
64,Female,145821.8045,1,Electronics,16.2787347,0,1,0
25,Male,79992.0704,20,Beauty,18.6963709,0,1,0
29,Male,92161.04341,12,Sports,3.725592509,0,5,1
26,Female,57555.04206,7,Sports,44.99829029,0,2,1
66,Female,69452.07137,12,Electronics,40.17794895,0,1,0
46,Male,20001.51252,4,Home Goods,8.372437399,1,4,0
56,Female,29250.57707,18,Sports,3.942010013,0,2,0
44,Female,23308.20879,1,Electronics,7.047283422,1,1,0
35,Female,134345.6411,6,Electronics,3.189685878,1,4,1
28,Female,119388.6133,4,Clothing,39.27537319,1,5,1
36,Male,51446.19767,6,Beauty,3.044391879,1,2,1
26,Female,26806.15262,17,Sports,20.84722968,1,2,0
31,Female,79500.94867,16,Clothing,43.15917842,0,2,1
41,Male,40809.31254,20,Clothing,47.69041223,0,1,0
21,Male,87334.8686,4,Sports,33.490739,1,4,1
56,Male,21317.05392,7,Clothing,24.05091869,0,4,0
39,Female,91438.83967,3,Home Goods,56.86593158,0,1,0
66,Female,111592.0756,2,Home Goods,27.29581562,0,5,0
62,Male,139460.4494,10,Home Goods,21.1631817,0,0,0
41,Female,119377.2946,18,Sports,33.79880901,0,3,1
32,Male,79756.43315,6,Beauty,23.89544998,1,3,1
62,Male,139162.5807,14,Beauty,40.20100341,1,4,1
46,Female,22494.99599,14,Beauty,56.91996789,1,1,0
48,Female,122216.1659,19,Electronics,8.174710302,0,2,0
59,Male,130046.864,10,Sports,26.06221715,0,3,0
45,Female,65808.74306,14,Clothing,22.16489415,0,5,0
53,Female,95890.46147,2,Beauty,31.53836844,1,0,0
43,Male,145903.5411,1,Home Goods,5.191207863,0,4,0
41,Female,66214.09136,20,Sports,4.206537803,0,0,0
38,Female,39662.08774,16,Clothing,58.39780536,1,1,1
54,Female,21152.22706,7,Beauty,44.37982176,0,1,0
49,Female,21213.11058,11,Electronics,18.67382286,0,3,0
34,Female,121447.5154,17,Home Goods,58.37882724,0,5,1
64,Female,21177.04101,3,Beauty,27.88191131,0,3,0
60,Male,137318.9299,11,Home Goods,10.98298005,0,5,0
35,Male,39506.32641,18,Clothing,17.74407864,1,4,1
63,Male,116261.8972,12,Sports,44.07768108,0,4,1
41,Female,52288.91385,5,Clothing,6.975291306,0,4,1
37,Male,133095.9908,14,Sports,16.1579428,0,2,0
53,Male,134440.9191,4,Home Goods,11.34472024,0,4,0
37,Female,38292.49865,9,Sports,49.33481851,0,0,0
54,Female,81098.47486,6,Electronics,16.52172177,0,3,0
66,Male,84161.05544,12,Clothing,53.74642468,0,0,0
37,Male,70632.64634,20,Electronics,27.09779202,1,4,1
59,Male,130046.864,10,Sports,26.06221715,0,3,0
49,Male,55204.82264,11,Electronics,15.67479823,1,2,0
43,Female,144512.6741,18,Electronics,46.989498,1,1,1
61,Female,124930.2199,13,Sports,24.02922098,0,5,0
58,Male,104626.5507,1,Clothing,59.88066988,0,3,0
37,Male,65154.63241,10,Sports,28.06360182,0,1,0
51,Female,96466.2947,3,Sports,39.81901966,1,3,1
45,Female,79846.57526,3,Clothing,17.28098086,0,1,0
42,Male,91351.62646,6,Clothing,29.41375927,0,3,0
21,Male,46342.24244,0,Electronics,35.04677867,0,2,0
19,Female,105381.4136,14,Beauty,34.47914927,0,5,1
41,Male,45868.97806,6,Beauty,48.91859565,0,5,0
56,Male,99951.68585,13,Home Goods,33.19445123,1,4,1
25,Female,28581.27974,12,Home Goods,52.57596637,1,1,1
39,Female,32791.43446,18,Home Goods,1.137080962,0,1,0
59,Male,65232.38351,11,Clothing,35.29794016,0,0,0
28,Female,35405.34107,11,Electronics,53.44245081,0,5,1
46,Male,32041.3128,16,Clothing,51.42252252,0,2,0
61,Female,64964.0699,15,Sports,27.2220165,0,4,0
69,Female,127377.1677,12,Clothing,27.62582545,0,4,0
60,Male,28128.41845,18,Electronics,10.83909186,0,2,1
66,Female,23405.57211,2,Clothing,38.29508719,1,4,0
55,Female,102467.2796,4,Beauty,26.88139855,1,4,0
50,Male,32201.44703,16,Home Goods,32.4379808,1,3,1
21,Female,115369.8695,10,Home Goods,45.43401198,1,0,1
19,Female,120009.6362,9,Electronics,43.91969109,0,5,1
43,Male,57392.25478,10,Sports,41.15344364,0,0,0
49,Male,53708.57865,20,Home Goods,52.80072457,0,1,0
39,Female,32791.43446,18,Home Goods,1.137080962,0,1,0
44,Male,86086.8711,16,Sports,28.97049958,0,3,0
58,Female,95025.93618,18,Electronics,10.14551138,0,0,0
61,Male,134267.257,16,Clothing,7.962355571,0,1,0
40,Female,144549.5524,18,Electronics,38.18033001,1,4,1
45,Female,79846.57526,3,Clothing,17.28098086,0,1,0
25,Female,111148.1473,17,Sports,51.14071367,1,1,1
52,Male,107622.5895,19,Home Goods,48.29082818,0,1,0
47,Female,146984.0427,5,Home Goods,15.01604086,0,5,0
22,Female,51251.85868,4,Clothing,46.09084429,0,0,0
52,Female,93329.62375,1,Beauty,53.42346402,0,2,0
29,Male,62263.52201,19,Sports,4.270546348,0,2,0
55,Female,58921.42649,18,Home Goods,13.10798515,1,0,0
68,Female,98250.04603,10,Sports,40.68601627,0,5,1
37,Male,44092.92334,14,Home Goods,43.92464921,0,3,1
25,Male,114048.2163,8,Electronics,24.8649728,0,3,1
68,Female,121482.1233,13,Electronics,4.535584164,0,0,0
31,Female,58407.82107,8,Sports,52.8460449,0,3,1
28,Male,91035.94109,18,Beauty,20.38765603,0,4,1
43,Male,113869.222,12,Electronics,16.37903764,0,2,0
64,Female,31880.89322,17,Electronics,22.75347252,1,1,0
27,Female,78533.052,17,Sports,40.6646765,0,1,1
68,Female,104789.1537,11,Sports,44.06548764,0,0,0
50,Male,92821.86385,20,Electronics,51.33456214,0,4,1
24,Male,113122.0404,16,Sports,58.58907543,0,1,1
23,Female,38304.38336,17,Sports,55.85771164,0,5,1
19,Female,68792.88803,14,Electronics,4.168127637,0,3,1
51,Female,34635.45075,19,Beauty,8.297760186,1,5,0
70,Female,44197.66671,4,Sports,16.59368541,1,4,0
33,Female,58989.4845,16,Electronics,43.98958432,1,5,1
25,Female,94019.05695,0,Home Goods,9.779714157,1,1,0
28,Female,90853.49946,8,Beauty,14.19314457,1,0,1
60,Male,139729.2877,11,Beauty,31.35269363,0,4,1
59,Female,126929.5233,19,Sports,43.92621909,1,2,1
68,Male,136365.3063,6,Home Goods,2.947704218,0,0,0
22,Male,37476.56682,2,Clothing,13.28838283,0,3,0
31,Female,139371.0813,6,Electronics,38.71843289,1,3,1
45,Male,67397.18467,5,Clothing,18.33387377,0,3,0
39,Female,75573.65943,12,Sports,49.08590368,1,3,1
45,Male,147447.9363,14,Electronics,23.55200188,0,4,1
46,Female,133256.5827,7,Home Goods,41.68540087,0,2,0
57,Male,68324.12863,15,Home Goods,51.6080846,0,2,0
26,Female,29370.96368,10,Beauty,14.11468323,0,2,0
44,Male,86086.8711,16,Sports,28.97049958,0,3,0
54,Male,90782.70326,19,Sports,5.195531785,0,4,0
35,Male,55353.4644,4,Electronics,5.819106127,0,5,0
33,Male,21964.38895,9,Clothing,38.83467685,1,2,0
28,Male,37455.73062,1,Clothing,26.30621861,0,0,0
61,Female,114517.379,12,Clothing,30.98195957,0,0,0
65,Male,131483.1039,16,Electronics,40.58102833,0,0,0
33,Male,33082.87221,15,Home Goods,7.901999737,1,1,0
31,Female,53740.43181,9,Sports,2.041064451,0,0,0
63,Female,52182.77014,7,Beauty,1.914396268,1,0,1
24,Male,77225.86973,7,Beauty,53.5702793,1,1,1
35,Male,107883.4174,17,Home Goods,23.13086491,0,5,0
18,Female,149785.1765,10,Electronics,38.97946857,0,5,1
38,Female,117653.1462,12,Sports,30.68757086,1,4,1
55,Male,21290.09675,11,Sports,54.84336139,1,4,1
44,Female,109312.5046,1,Clothing,45.08693214,1,1,0
47,Male,85081.15485,7,Beauty,18.00170685,0,0,0
24,Female,63426.49554,5,Beauty,46.15096092,1,3,1
28,Male,146829.3261,6,Sports,2.277088119,0,3,1
46,Male,86625.34434,7,Clothing,58.83541126,1,3,1
48,Male,72923.84359,12,Electronics,57.31094404,1,1,1
37,Female,58130.1194,9,Electronics,54.21266473,0,3,1
20,Female,73223.56934,5,Sports,1.886329977,0,1,0
62,Male,60458.27436,20,Beauty,43.35436425,0,1,0
56,Female,73059.71981,2,Sports,10.88075894,0,0,1
62,Female,119959.9617,4,Beauty,30.08088085,0,5,0
49,Male,57370.01644,5,Beauty,1.278033106,0,4,1
49,Male,52068.25239,9,Clothing,28.00688521,0,3,0
57,Male,86801.08035,7,Electronics,24.02698661,0,5,0
51,Female,22848.73274,11,Sports,49.93630336,1,3,0
28,Female,72663.35029,17,Clothing,58.93193126,1,0,1
19,Male,118721.7741,4,Electronics,13.84576903,1,4,1
68,Male,27561.29342,6,Clothing,7.049222695,0,0,0
29,Male,77242.04439,4,Electronics,38.94059862,0,5,1
23,Male,39343.47602,13,Sports,36.7767809,0,4,1
25,Male,79539.44867,1,Sports,4.36859087,0,2,0
46,Female,135971.0096,1,Beauty,20.38566733,1,1,0
31,Male,78472.00435,5,Home Goods,36.7394701,1,4,1
29,Male,87350.23961,18,Home Goods,45.28210566,0,3,1
58,Male,148935.2937,10,Clothing,53.99064024,1,2,1
26,Male,58681.29867,15,Home Goods,52.66542253,0,1,1
68,Female,111501.4219,9,Home Goods,38.01153408,0,2,0
39,Female,55715.09832,16,Electronics,55.67326768,0,3,1
30,Female,36984.8047,16,Electronics,48.24735859,0,1,0
45,Male,126073.1021,19,Electronics,31.12069542,1,1,1
50,Female,138026.8432,10,Beauty,48.37919249,0,4,1
69,Female,53488.93864,5,Beauty,47.05379082,0,0,0
64,Male,131245.8437,15,Home Goods,43.83761824,0,0,0
47,Male,112813.8422,9,Clothing,45.22724278,0,3,1
42,Male,41574.13639,16,Beauty,31.73204853,0,5,0
61,Male,137229.059,16,Beauty,57.06811381,1,5,1
55,Female,103261.8855,10,Beauty,42.43717379,0,0,0
25,Male,58389.19208,14,Sports,2.527868145,1,5,1
42,Female,111726.1621,14,Electronics,36.80078085,1,0,1
45,Female,23275.14381,19,Sports,12.83729332,1,3,0
25,Male,146360.6929,7,Beauty,57.7705617,0,1,1
55,Male,105042.6982,6,Sports,38.23590465,0,5,1
64,Female,29477.2386,6,Clothing,2.938545167,0,1,0
44,Female,135999.3248,0,Beauty,36.56793644,0,3,0
49,Female,128815.3463,11,Clothing,54.5924854,0,0,0
49,Female,145330.1941,14,Clothing,51.42582744,0,5,1
21,Female,122561.2213,8,Clothing,55.46695399,0,2,1
68,Female,121482.1233,13,Electronics,4.535584164,0,0,0
48,Male,78661.11474,14,Clothing,41.66170322,1,4,1
45,Female,20203.46367,16,Electronics,31.69148186,0,1,0
36,Female,27611.6208,4,Sports,18.69258184,0,2,0
30,Female,105610.267,15,Electronics,11.67159694,0,0,0
31,Male,112716.8948,6,Home Goods,36.86390662,0,3,1
32,Male,80002.47167,9,Home Goods,41.1530793,0,2,1
44,Male,99108.54545,11,Electronics,57.90480528,0,3,1
61,Male,120938.168,15,Home Goods,8.776602964,0,4,0
56,Male,38271.88579,13,Sports,42.4887873,1,2,0
57,Male,138251.4865,15,Clothing,28.80798585,1,0,0
26,Male,52560.82684,16,Clothing,29.14584529,1,4,1
57,Male,145451.998,6,Beauty,25.40502932,0,1,0
67,Female,98751.30243,19,Home Goods,42.20194031,0,5,1
66,Male,85078.46425,1,Electronics,4.869165286,0,4,0
36,Male,111998.5215,15,Clothing,51.67700861,0,0,1
18,Male,101206.264,14,Home Goods,56.89069997,1,5,1
25,Male,59608.28808,15,Clothing,39.59900726,0,0,1
48,Female,110029.2161,16,Clothing,45.13823441,1,5,1
62,Female,62288.36742,8,Electronics,11.59976098,0,0,0
61,Female,75731.26273,8,Sports,15.37467559,1,4,1
57,Female,63103.41088,3,Beauty,17.94723953,0,3,0
58,Male,62665.05797,7,Beauty,43.18221659,0,2,0
70,Female,67880.23897,2,Electronics,47.12201035,0,2,0
37,Male,51457.02694,0,Clothing,34.70864729,1,3,1
64,Female,133283.8244,13,Clothing,29.48843113,0,3,0
62,Female,101074.3412,16,Electronics,6.493322234,1,5,0
68,Female,137935.354,4,Home Goods,40.66934962,0,3,0
37,Male,102019.8327,18,Home Goods,26.84328598,0,5,1
25,Female,137252.2256,7,Clothing,31.01235309,1,5,1
48,Female,26647.59959,18,Electronics,1.903324611,0,4,0
33,Female,109256.6888,4,Sports,48.75280312,0,5,1
61,Male,88515.39031,7,Sports,38.2319142,0,5,1
55,Female,103261.8855,10,Beauty,42.43717379,0,0,0
45,Male,71689.60921,19,Sports,23.58102229,1,3,0
36,Female,100720.7138,9,Clothing,22.32774184,0,5,1
34,Female,95035.98528,14,Sports,7.820731026,0,3,1
63,Female,136218.6623,4,Clothing,13.56908387,0,0,0
50,Female,22340.85223,13,Sports,26.30417897,1,0,0
39,Female,103502.3184,19,Sports,47.4038371,0,5,1
22,Male,132393.2692,6,Clothing,44.1296106,0,5,1
53,Female,37228.20746,14,Home Goods,52.88014334,0,2,0
19,Female,46608.41418,12,Electronics,31.68680946,0,3,1
39,Female,136812.8786,3,Beauty,12.52617869,0,5,0
64,Female,39707.35972,13,Home Goods,17.19029154,1,0,0
66,Female,69946.87269,10,Sports,30.7308685,1,4,1
26,Female,107903.0831,7,Home Goods,20.97806252,0,1,0
27,Male,33549.22437,8,Clothing,30.11531989,1,1,1
52,Female,56684.31971,15,Clothing,54.36271588,0,4,1
46,Female,35672.59413,0,Clothing,25.49418489,0,0,0
26,Female,128438.7976,3,Sports,7.071400212,0,1,0
19,Male,30199.25612,10,Home Goods,55.99561689,0,0,0
55,Female,67779.4749,20,Clothing,35.96906793,0,1,0
21,Female,28796.88705,14,Home Goods,59.7636253,0,5,1
53,Female,135718.3479,3,Home Goods,43.738795,0,1,0
33,Female,120972.3724,20,Clothing,50.07175325,0,4,1
19,Female,23144.92931,19,Home Goods,26.68227073,0,5,0
69,Male,126312.0929,2,Sports,34.8324777,1,5,1
18,Female,80939.83551,12,Beauty,54.96697906,0,4,1
49,Female,143685.0187,9,Home Goods,58.4286274,0,0,1
69,Female,39168.82847,6,Clothing,49.00291999,1,0,0
18,Female,93461.09062,9,Clothing,24.97797092,0,5,1
43,Female,145381.965,13,Home Goods,24.57982212,0,3,0
25,Male,143559.6922,11,Sports,31.58080462,1,0,1
57,Male,147208.3109,5,Beauty,41.69959788,0,1,0
59,Female,129174.2971,2,Sports,12.34843543,0,2,0
26,Female,110354.5798,9,Electronics,43.22841966,0,2,1
57,Female,132061.8827,19,Clothing,31.33939366,1,0,1
18,Male,42734.58683,12,Electronics,56.13787449,0,0,0
38,Female,138400.121,7,Beauty,41.3162554,1,0,1
54,Male,81267.33176,6,Beauty,35.47935937,0,0,0
34,Male,84570.40497,16,Clothing,30.05170379,1,0,1
43,Female,43981.91291,15,Home Goods,2.126852762,0,2,0
44,Male,105839.3536,8,Home Goods,59.05192547,1,3,1
60,Female,95087.13756,16,Home Goods,42.38045006,1,4,1
22,Male,87622.086,2,Clothing,24.94291344,0,2,0
24,Male,135300.237,13,Clothing,7.063326316,0,3,1
27,Male,20191.59687,2,Electronics,35.20851536,0,5,0
28,Male,29500.60306,18,Sports,24.65204597,0,3,0
27,Male,41017.28671,16,Sports,22.17325277,0,1,0
69,Female,46524.6325,7,Sports,11.26369237,1,1,0
20,Male,111709.9079,0,Sports,30.8405972,0,0,1
54,Male,140650.8732,17,Beauty,33.15395441,0,1,0
52,Female,78466.17952,18,Home Goods,15.77007578,1,1,0
49,Male,105342.219,19,Sports,27.68963879,0,3,0
65,Male,129114.004,12,Clothing,57.81452168,1,0,1
56,Female,25612.58565,12,Home Goods,27.45244176,0,3,0
55,Male,115749.5797,10,Sports,7.63077691,0,4,1
23,Female,107940.8318,0,Home Goods,59.04036699,0,0,0
52,Female,99401.40924,12,Sports,43.6603704,1,0,1
45,Male,46322.47282,11,Sports,46.43125248,0,2,0
42,Male,37093.58559,8,Clothing,46.26947147,1,4,1
38,Female,30519.5068,4,Sports,59.89379455,0,3,0
39,Male,71367.01799,3,Electronics,36.02526652,0,5,1
51,Female,28885.91604,10,Clothing,48.26867996,0,5,0
22,Male,112695.9866,13,Clothing,40.89328267,0,5,1
20,Male,119588.4209,12,Sports,52.76127444,1,2,1
68,Male,132488.4487,1,Clothing,1.288183495,0,5,0
29,Female,58153.54702,16,Home Goods,59.99110542,1,3,1
52,Female,48869.86319,15,Home Goods,13.87811873,1,0,0
36,Female,64278.54166,19,Clothing,18.87376491,0,0,0
54,Male,127471.9568,7,Beauty,42.75743925,1,1,1
54,Male,63075.11092,14,Clothing,53.062142,0,4,1
39,Female,92857.28203,18,Clothing,17.40861789,0,5,1
38,Male,62927.95843,19,Electronics,8.907468765,0,5,1
53,Male,124637.881,5,Sports,49.4342336,0,4,0
36,Female,113965.8594,10,Electronics,32.46519339,1,5,1
46,Female,132847.3697,5,Sports,28.37602526,0,3,0
70,Female,102196.68,16,Clothing,6.833527217,1,3,1
35,Male,115250.8766,13,Clothing,22.01942548,1,0,1
47,Male,47559.22711,17,Beauty,15.20021379,0,5,0
69,Male,32893.15295,15,Clothing,56.19006464,0,0,0
52,Female,78281.4772,6,Clothing,47.98085529,1,0,1
61,Male,78319.38202,0,Home Goods,13.02157367,0,1,0
39,Male,57167.8826,3,Home Goods,26.42804,1,2,0
65,Male,95397.89237,19,Home Goods,19.04779398,1,3,1
56,Male,36321.52792,14,Sports,42.01206914,0,5,0
68,Female,41547.47138,10,Electronics,56.02574193,1,0,0
70,Female,109222.5356,20,Sports,33.69707141,1,3,1
38,Male,135492.4774,19,Clothing,5.97788289,0,2,0
45,Female,101410.4618,19,Sports,25.43375936,1,2,0
52,Male,27302.89006,20,Sports,17.09483967,0,4,1
43,Male,56404.85284,1,Clothing,35.42214669,1,4,1
57,Female,31518.05586,5,Sports,54.70278264,0,4,0
18,Female,37124.74055,19,Beauty,13.84717359,1,3,1
50,Male,87926.32354,19,Beauty,41.61309987,0,4,1
45,Female,143075.3848,1,Clothing,41.78680439,0,1,0
51,Female,134071.1061,6,Home Goods,23.84381318,0,5,1
27,Male,55132.19998,12,Sports,40.22426145,0,4,1
45,Male,145586.1757,13,Sports,44.05646018,0,2,0
19,Female,100768.0184,11,Clothing,46.00802624,0,1,1
69,Male,26738.65389,14,Clothing,32.23404666,1,4,1
21,Female,120794.9996,10,Electronics,7.630770005,0,2,0
67,Female,38456.35867,18,Clothing,51.33737292,0,0,0
23,Female,75968.814,11,Beauty,31.02423006,0,1,1
32,Male,124770.302,5,Sports,47.55667059,0,0,0
44,Male,135525.6804,3,Electronics,13.96124587,0,3,0
65,Male,143121.7867,19,Home Goods,59.53241111,0,2,0
64,Male,63577.04616,20,Sports,25.6551558,0,4,0
19,Male,149523.4639,5,Beauty,13.57903195,0,4,0
51,Female,61286.28338,4,Electronics,15.05435669,0,0,0
26,Male,129928.5672,9,Clothing,28.90644503,0,3,1
48,Female,129069.6526,7,Beauty,43.19306983,0,5,1
66,Female,72194.26106,7,Electronics,58.80840859,0,3,1
51,Female,22848.73274,11,Sports,49.93630336,1,3,0
31,Male,102692.486,0,Electronics,40.28401883,0,5,1
20,Female,22001.33592,7,Clothing,23.36134416,0,4,1
55,Female,95460.78813,20,Beauty,48.54007118,0,5,1
61,Female,79579.0834,5,Home Goods,3.452031048,1,4,0
54,Male,50209.962,2,Electronics,4.68630592,1,1,0
20,Female,69051.34702,4,Home Goods,6.361715764,0,2,0
36,Female,52616.09594,15,Beauty,18.27595914,1,5,0
62,Female,77920.41304,20,Clothing,24.27851663,0,4,0
63,Male,71874.59129,10,Home Goods,43.54624261,0,1,0
61,Female,114703.788,14,Electronics,14.35036271,0,4,0
69,Female,98875.12421,4,Electronics,2.24240923,0,5,1
22,Male,112331.5638,13,Clothing,54.26921338,1,1,1
68,Female,103955.4056,7,Electronics,11.15965129,1,1,0
64,Male,91064.26862,7,Electronics,5.520721718,1,5,1
27,Male,52903.20009,3,Electronics,8.815668287,0,3,0
20,Male,83318.04945,2,Sports,16.05051254,1,0,0
38,Female,27511.47293,4,Electronics,9.241849984,0,4,0
47,Male,85963.55203,5,Electronics,37.04465686,1,0,0
50,Male,29330.85481,7,Home Goods,45.47232392,0,2,0
59,Male,115477.7112,18,Home Goods,49.05934751,0,4,1
70,Female,124576.837,3,Sports,8.411321176,0,1,0
57,Male,138251.4865,15,Clothing,28.80798585,1,0,0
33,Male,92992.99643,11,Electronics,29.50494409,0,3,1
37,Female,112875.1413,1,Sports,20.06846074,0,1,0
28,Female,20496.58995,9,Home Goods,36.85345282,0,0,0
30,Female,55849.78387,5,Electronics,55.04016279,0,4,1
18,Female,87934.95791,6,Electronics,59.96860576,1,4,1
66,Female,99768.53485,3,Sports,29.95780777,1,1,0
19,Male,124905.5138,13,Beauty,48.69311153,0,2,1
27,Male,146299.2498,8,Clothing,1.590614223,1,5,1
43,Female,25514.89877,20,Sports,57.7695567,1,4,1
64,Male,98493.40888,5,Electronics,24.97869392,0,1,0
65,Female,141786.9201,11,Sports,56.0812469,0,1,0
40,Female,56238.78341,2,Beauty,19.34941322,0,1,0
25,Male,75390.83991,20,Home Goods,2.474060855,1,0,1
35,Male,132680.1461,13,Electronics,43.77094065,1,5,1
26,Male,82665.33755,11,Clothing,34.72905382,0,3,1
23,Male,85899.65694,13,Home Goods,10.25811905,0,2,0
45,Female,147010.9041,2,Sports,52.76703338,0,3,0
34,Female,111921.242,11,Beauty,3.926016985,0,3,1
54,Female,120311.4984,9,Electronics,51.22440887,1,2,1
36,Female,130992.0398,16,Beauty,50.00751012,0,1,1
67,Female,119033.7649,12,Electronics,41.72009317,0,2,0
21,Female,38492.41793,15,Electronics,30.1447698,1,2,1
64,Male,35098.06483,7,Sports,12.47334763,0,5,0
23,Female,21434.06438,18,Beauty,52.30737101,0,2,0
54,Female,66425.75071,3,Sports,40.20258877,0,0,0
64,Female,74941.79561,2,Beauty,49.63181117,1,2,0
50,Male,137836.8689,9,Home Goods,54.02139439,0,1,0
62,Male,76169.99478,12,Beauty,10.73110758,0,4,0
32,Female,143039.3467,12,Home Goods,36.2930625,0,2,1
66,Male,130794.3037,16,Beauty,23.61988395,1,4,1
19,Male,149570.591,19,Home Goods,21.76385647,0,2,0
64,Female,146645.2777,15,Clothing,49.29700059,0,2,0
54,Female,66425.75071,3,Sports,40.20258877,0,0,0
21,Male,71115.37613,10,Clothing,36.25917827,0,4,1
52,Male,87393.04285,2,Sports,46.69975291,0,2,0
65,Female,141786.9201,11,Sports,56.0812469,0,1,0
40,Male,91234.73357,10,Clothing,50.46557865,0,1,0
29,Male,96782.91842,6,Electronics,48.75622182,0,5,1
62,Male,89021.89819,3,Beauty,30.67958111,1,3,1
25,Female,63184.83431,16,Electronics,9.158707231,0,0,0
25,Male,79539.44867,1,Sports,4.36859087,0,2,0
47,Female,125446.0901,4,Electronics,16.09647991,0,5,0
31,Male,59425.76918,8,Beauty,44.47276089,0,3,1
50,Male,64894.45379,18,Sports,26.48319334,1,1,0
32,Male,144744.9638,18,Clothing,58.02697619,0,5,1
66,Male,59379.04475,10,Electronics,32.295029,0,1,0
41,Female,27356.1353,15,Sports,39.25883994,1,4,1
56,Male,29322.54555,16,Sports,44.93122158,0,2,0
46,Male,142940.7591,12,Sports,22.60067396,1,3,1
40,Female,61115.11946,11,Clothing,3.121979617,0,3,0
49,Female,138198.6268,19,Electronics,58.12432161,0,1,0
21,Male,119595.0713,14,Electronics,44.35094687,1,4,1
64,Male,103828.2385,12,Sports,53.00320961,1,2,1
58,Male,115925.048,16,Home Goods,4.154064044,0,2,0
53,Male,55997.58336,17,Home Goods,13.40132615,1,1,0
47,Female,41550.69022,12,Sports,55.57880883,0,1,0
39,Male,59512.52659,0,Sports,9.73552581,0,5,0
37,Male,105404.1703,1,Sports,27.04873147,0,4,0
68,Female,145254.9013,15,Clothing,30.60740216,1,2,1
69,Female,76790.59134,4,Home Goods,32.93305465,0,1,0
19,Male,113383.0528,16,Home Goods,23.56658317,0,1,0
60,Male,105455.9527,2,Sports,44.87254854,1,1,0
44,Male,49607.46569,5,Sports,13.3344296,0,5,0
22,Female,106640.1962,10,Sports,59.81165505,0,5,1
70,Female,44197.66671,4,Sports,16.59368541,1,4,0
43,Female,131584.418,15,Sports,28.29400789,0,2,0
63,Female,92623.51154,13,Beauty,55.13844108,1,1,1
42,Male,71281.91621,9,Sports,5.567281567,0,0,0
40,Female,58549.62557,8,Sports,21.69587976,1,0,0
45,Female,124468.4596,11,Sports,2.849217463,0,3,0
36,Female,60218.45332,1,Electronics,15.368172,0,4,0
43,Female,54787.04797,11,Beauty,45.10326526,0,3,1
62,Male,29221.1881,14,Clothing,39.32303456,0,5,0
56,Male,147878.2603,16,Clothing,58.3948284,0,2,0
46,Male,33178.47668,8,Beauty,51.18018747,1,2,0
25,Male,117289.9655,6,Home Goods,48.32997752,1,5,0
25,Male,83421.02571,14,Clothing,27.00360342,1,5,1
32,Female,140405.2289,9,Clothing,21.01500309,1,2,1
34,Male,45300.92654,11,Beauty,38.2809294,0,1,0
19,Female,120604.3552,12,Beauty,11.31815224,1,1,1
50,Male,64894.45379,18,Sports,26.48319334,1,1,0
62,Male,58974.06858,3,Beauty,29.0085465,1,3,0
20,Male,44443.2155,9,Home Goods,11.46373034,1,0,0
52,Male,77639.40187,20,Electronics,43.76243152,0,1,0
58,Female,109475.6507,14,Electronics,2.045117186,0,1,0
58,Male,28497.60048,11,Home Goods,28.32876674,0,0,0
30,Female,105378.2883,9,Sports,5.270974498,0,5,1
28,Male,105716.0099,16,Electronics,26.48737292,0,4,1
54,Female,60542.30153,6,Sports,43.42214715,0,4,1
19,Female,24590.47614,1,Beauty,14.97105754,0,5,0
33,Male,32750.7355,0,Beauty,53.69371074,0,5,0
60,Male,28149.65081,10,Home Goods,31.93458136,1,4,1
68,Male,133531.9791,3,Home Goods,10.59111115,0,1,0
41,Female,53632.51348,15,Sports,10.41833265,1,3,1
33,Female,139349.9518,12,Home Goods,55.10752999,1,0,1
34,Female,20418.37427,9,Clothing,54.45995479,0,0,0
36,Female,64278.54166,19,Clothing,18.87376491,0,0,0
57,Male,42634.21359,11,Electronics,10.75978898,0,3,0
67,Male,102703.0574,19,Electronics,11.19264862,0,3,0
29,Male,21574.10178,14,Home Goods,45.46949042,0,4,1
37,Male,122360.3135,17,Beauty,10.06736401,1,5,0
34,Female,68252.41505,20,Home Goods,46.72982622,1,1,1
53,Male,100904.6244,10,Clothing,18.54620659,0,4,0
64,Male,36992.34898,1,Beauty,43.52278161,0,2,0
22,Male,58834.32457,10,Home Goods,45.03876997,0,2,1
64,Female,100546.4341,20,Clothing,45.22318829,0,2,0
51,Female,142554.1615,18,Beauty,46.26307239,0,1,0
39,Male,61452.68638,11,Beauty,50.29687325,1,1,1
56,Female,40079.76714,0,Electronics,9.355417454,0,5,0
20,Male,31607.63819,19,Home Goods,38.20280582,0,0,0
40,Female,75588.17338,11,Home Goods,2.061299763,1,1,0
43,Male,25706.99254,0,Clothing,5.297872555,0,3,0
61,Male,145556.8809,13,Sports,17.23503664,1,3,1
68,Male,147528.3592,5,Clothing,32.02044986,1,4,1
45,Female,148444.6756,13,Electronics,42.42724915,0,1,0
18,Male,33697.43989,9,Clothing,14.72362787,0,3,0
28,Female,118670.6867,19,Beauty,56.17435577,0,5,1
70,Female,40803.24174,3,Beauty,51.06778656,0,5,0
26,Female,84856.43639,7,Sports,48.11057033,0,1,1
61,Male,118307.7698,20,Beauty,29.54714823,0,4,0
69,Male,27519.77843,6,Clothing,39.46021753,0,5,0
34,Male,133648.9282,4,Beauty,1.074816538,0,2,0
56,Female,95714.94557,7,Electronics,31.28236977,0,2,0
21,Female,68691.87531,17,Home Goods,32.93102218,1,4,1
25,Female,76266.08029,10,Electronics,19.03961152,0,0,0
47,Male,108350.6433,16,Sports,44.03551147,0,4,1
32,Female,77122.64866,14,Electronics,8.352288728,1,1,1
53,Female,51290.05254,2,Clothing,13.8798836,0,3,0
18,Male,96386.16324,6,Sports,38.91504818,0,4,1
34,Male,37397.68719,3,Clothing,10.65686416,0,5,0
69,Female,134136.6617,0,Clothing,26.76871125,0,4,0
26,Male,77709.52909,1,Home Goods,27.40662708,1,1,1
48,Male,129003.9384,4,Sports,53.75674736,0,2,0
20,Male,127256.4233,20,Clothing,30.50200102,0,3,1
28,Male,27494.18569,11,Clothing,45.98422679,1,0,1
22,Female,124870.1576,0,Electronics,4.228136315,0,0,0
39,Female,71019.56421,19,Beauty,28.97202247,0,1,0
26,Female,128438.7976,3,Sports,7.071400212,0,1,0
41,Male,139958.4348,18,Beauty,32.81227369,0,3,1
38,Male,49299.56484,8,Beauty,49.2495174,0,0,0
48,Female,102674.1119,3,Home Goods,25.01752998,0,0,0
69,Male,103425.4716,3,Electronics,40.66728179,0,5,0
19,Male,54950.95687,17,Sports,27.79865077,0,2,1
18,Male,37122.95372,5,Clothing,51.41284991,1,5,1
55,Female,65884.60545,3,Home Goods,38.10351552,1,3,1
50,Male,115876.0867,10,Sports,53.80951699,0,4,1
28,Female,110430.359,6,Clothing,42.82889176,0,4,1
64,Male,72557.66714,15,Beauty,55.60939754,1,4,1
63,Male,76497.47491,17,Electronics,59.6211122,0,1,0
44,Female,90784.60468,15,Electronics,46.44349717,0,5,1
23,Female,68006.50013,18,Electronics,40.55635325,0,4,1
63,Male,23531.76476,8,Electronics,49.00890597,0,2,0
39,Female,22203.19644,3,Electronics,37.35819831,0,4,0
68,Female,137794.4303,4,Electronics,41.77524633,0,3,0
22,Male,69899.0548,19,Clothing,3.786267713,1,0,1
20,Female,119999.0092,12,Electronics,12.60336671,0,3,1
26,Female,144157.8665,18,Electronics,7.185309085,0,1,0
18,Male,46262.03689,19,Electronics,32.6550109,0,5,1
58,Male,62665.05797,7,Beauty,43.18221659,0,2,0
27,Male,56955.63208,3,Clothing,50.36705148,0,0,0
50,Male,46634.56564,13,Clothing,9.218837984,0,2,0
64,Female,59812.9707,12,Electronics,20.70024582,0,0,0
37,Male,84773.23869,2,Sports,8.540898817,0,2,0
42,Male,96535.09788,13,Clothing,56.91840534,0,4,1
53,Female,83384.25518,17,Clothing,29.7228645,0,5,0
39,Female,67538.49727,19,Clothing,26.84858741,0,3,1
18,Female,54456.03568,13,Sports,4.271268907,1,2,1
62,Male,122297.4402,12,Electronics,20.01716464,0,3,0
26,Male,103707.553,17,Clothing,12.22344792,1,3,1
42,Female,100218.6471,7,Beauty,55.31706007,1,3,1
22,Female,114814.8232,16,Beauty,38.04396573,0,0,1
30,Female,71294.88983,2,Sports,29.53775857,0,3,0
53,Male,137989.4303,16,Electronics,41.22534437,0,4,1
23,Male,88561.95088,17,Home Goods,57.82255372,1,4,1
39,Male,115006.7254,9,Home Goods,2.665496819,1,1,1
23,Male,22485.09228,10,Home Goods,31.83985779,0,3,1
58,Male,21580.38029,7,Beauty,7.8087746,0,1,0
59,Female,52058.47255,19,Clothing,25.9394516,1,2,0
31,Female,124452.7566,5,Clothing,14.59330922,1,2,0
69,Female,53488.93864,5,Beauty,47.05379082,0,0,0
53,Male,139699.6591,6,Clothing,48.71878542,0,2,0
41,Female,114440.023,12,Beauty,6.637987134,1,3,1
25,Female,126914.9086,15,Home Goods,56.51191447,0,2,1
50,Male,149406.8771,13,Sports,12.50480751,1,4,1
58,Female,20175.97134,5,Clothing,31.68795602,1,1,0
41,Female,30478.19679,2,Home Goods,36.26031395,0,3,0
65,Female,102495.7143,16,Electronics,1.848004155,1,0,0
51,Male,144345.1818,20,Beauty,15.94938453,1,3,1
48,Female,112211.7077,2,Electronics,45.11433033,1,0,0
69,Male,84247.61814,9,Sports,48.33270157,1,2,1
30,Female,116446.5225,12,Sports,49.26814593,1,2,1
50,Female,88040.81848,17,Sports,2.455527318,0,5,0
44,Female,75891.04006,19,Electronics,12.24398674,1,5,1
41,Male,61179.01802,11,Sports,40.37257913,0,5,1
68,Male,99988.74326,7,Home Goods,45.98950823,0,5,1
52,Female,142725.4722,15,Clothing,12.36877459,1,5,1
49,Female,87244.97734,13,Electronics,24.02743729,1,3,1
35,Female,132525.0289,4,Beauty,59.51807576,0,3,1
20,Male,97867.20606,6,Sports,7.608691071,0,3,1
41,Female,77725.6874,1,Home Goods,52.22398147,0,3,0
40,Female,122134.7104,11,Sports,37.69686662,1,0,1
49,Female,70898.34076,12,Sports,25.71682421,0,4,0
70,Female,30423.40183,16,Sports,1.233636638,1,5,0
19,Female,132592.4324,20,Beauty,25.8879603,1,5,1
23,Male,142301.9877,6,Sports,48.59991041,0,5,1
41,Female,65461.41987,0,Clothing,50.12893103,1,0,0
35,Male,89983.15262,11,Clothing,38.5318864,0,2,0
22,Female,58552.78859,16,Home Goods,23.86985289,0,2,0
56,Male,61794.44116,20,Home Goods,53.10839012,0,2,0
19,Male,49954.16608,20,Home Goods,6.822428438,0,2,0
28,Female,66413.81472,8,Clothing,14.41200219,1,0,1
68,Male,74443.13148,8,Sports,8.388571512,0,4,0
48,Female,139273.1596,8,Electronics,6.339282355,0,5,0
19,Female,100078.1085,11,Electronics,54.84369659,1,0,1
28,Male,28430.96728,4,Electronics,15.3787845,0,3,0
26,Male,21484.33785,9,Beauty,19.58217165,1,5,1
32,Female,48084.96373,16,Electronics,49.19652708,1,2,1
31,Male,102732.1781,5,Beauty,34.37877954,0,3,1
63,Male,124000.4526,10,Clothing,1.576983438,0,3,0
40,Male,49200.02954,1,Sports,6.12019429,0,2,0
58,Female,103739.3988,10,Beauty,20.24025734,1,4,1
38,Female,57705.91916,5,Clothing,50.67702816,0,4,1
65,Male,28964.54213,10,Home Goods,18.16896398,1,0,0
56,Female,65346.66942,1,Clothing,42.76851403,0,3,0
27,Male,33327.07533,5,Beauty,22.43603175,0,5,0
42,Female,120508.4436,20,Sports,27.33492019,0,3,0
59,Female,110170.3475,12,Electronics,26.14121989,0,2,0
31,Female,143693.7923,9,Clothing,5.325043269,0,4,0
62,Male,79728.07989,0,Clothing,31.25728638,1,2,0
68,Female,128657.3706,15,Electronics,35.7004787,0,3,1
23,Male,80098.42293,16,Beauty,18.66800571,1,5,1
25,Female,43949.2291,14,Sports,51.73650214,1,4,1
52,Male,112018.5626,11,Sports,48.2316302,1,3,1
47,Female,58647.80274,6,Electronics,47.64348561,0,5,0
49,Male,33246.10311,14,Clothing,3.376597097,1,1,1
36,Male,127701.0089,10,Clothing,53.35905975,0,1,1
68,Female,137935.354,4,Home Goods,40.66934962,0,3,0
26,Male,109980.9744,4,Electronics,34.79287144,0,2,0
61,Male,118307.7698,20,Beauty,29.54714823,0,4,0
35,Female,89415.77143,15,Home Goods,1.622546572,0,2,0
24,Female,126755.7767,6,Clothing,16.80862226,0,4,1
67,Female,38456.35867,18,Clothing,51.33737292,0,0,0
34,Female,102767.0587,12,Beauty,57.2822684,1,5,1
30,Male,85709.16533,5,Beauty,10.65337284,0,5,0
36,Female,135712.6146,15,Beauty,23.65287353,0,5,1
64,Female,63629.35906,18,Clothing,23.77985214,1,4,1
27,Female,32549.48113,19,Clothing,19.97044752,1,3,1
34,Male,20679.84976,15,Beauty,25.40865588,1,4,1
20,Female,148048.6553,15,Sports,21.14669499,1,2,1
28,Female,20496.58995,9,Home Goods,36.85345282,0,0,0
69,Female,74463.21272,3,Clothing,21.94094086,0,2,0
42,Female,123123.9756,6,Electronics,49.27058929,0,1,0
50,Female,49158.15283,13,Beauty,32.5893868,0,2,0
69,Male,32088.78318,14,Clothing,9.473661306,0,1,0
59,Male,51043.50748,12,Clothing,40.66854779,1,0,1
65,Male,73442.42834,13,Clothing,55.86620005,0,3,1
29,Male,111152.082,10,Beauty,7.327563176,1,2,1
46,Male,94330.40577,6,Sports,45.63581087,1,5,1
62,Male,97786.47296,9,Home Goods,27.76079577,0,1,0
38,Female,94558.76369,19,Clothing,43.90883976,0,0,1
47,Male,78545.62726,7,Beauty,5.656861447,1,5,1
23,Male,51446.12823,1,Clothing,9.836850769,1,0,0
37,Male,122519.9454,5,Beauty,21.34141625,0,5,0
52,Male,25838.46887,9,Sports,2.019994641,1,0,0
50,Male,100181.869,0,Clothing,24.70699406,0,3,1
48,Male,35383.70482,10,Clothing,53.03655775,0,3,0
51,Female,85676.88056,7,Home Goods,8.047484154,0,5,0
66,Female,77089.47616,3,Sports,51.09358179,1,2,0
33,Female,33246.01045,13,Sports,39.84557613,0,1,0
69,Male,83842.44482,15,Clothing,28.34953366,1,5,0
50,Male,84002.3124,2,Home Goods,44.23976972,0,2,0
22,Male,123245.6531,14,Beauty,2.093342782,0,4,1
30,Male,58066.86477,5,Electronics,20.80526164,0,2,0
50,Male,136032.5696,3,Clothing,36.50775457,0,1,0
65,Female,124661.7414,11,Clothing,14.46178891,0,3,0
61,Female,39763.23091,5,Electronics,19.10893331,1,3,0
70,Male,119425.2741,4,Beauty,45.35588065,0,5,0
47,Female,61817.09866,12,Sports,8.696633187,1,4,1
38,Female,41703.90154,9,Beauty,57.6272434,0,4,1
59,Male,69454.60098,14,Sports,57.93078749,0,0,0
59,Male,24682.44638,4,Beauty,45.10823056,0,2,0
41,Female,102836.192,6,Home Goods,2.130905364,1,5,1
24,Female,69282.22633,16,Sports,10.99592172,0,2,0
45,Male,122766.2733,16,Clothing,38.29522328,0,5,1
50,Female,24369.76802,3,Beauty,56.15868975,0,5,0
43,Female,68865.47707,14,Home Goods,37.56512342,1,3,1
60,Male,111906.9434,15,Sports,9.568276175,0,0,0
51,Male,49383.76972,1,Electronics,29.71831185,1,1,0
64,Female,116317.5273,8,Beauty,50.62533123,1,3,1
31,Female,34265.70583,7,Clothing,16.36378342,0,3,0
55,Male,74153.5577,12,Clothing,7.286523586,0,5,0
64,Female,55242.51299,0,Home Goods,56.05158153,0,5,1
32,Male,87474.19642,13,Sports,26.82113186,0,5,1
45,Male,112826.854,3,Beauty,24.12788459,0,0,0
26,Male,75855.38566,2,Electronics,16.88219463,1,2,0
22,Male,121637.1022,2,Beauty,7.814846103,0,5,0
64,Male,22512.59202,3,Beauty,58.51142076,0,3,0
69,Female,74463.21272,3,Clothing,21.94094086,0,2,0
52,Male,80332.37073,4,Clothing,52.55388673,1,5,1
20,Male,83318.04945,2,Sports,16.05051254,1,0,0
61,Male,44075.42382,18,Electronics,55.75283997,0,0,0
54,Female,105362.0396,11,Beauty,9.427908548,0,1,0
64,Female,84680.18078,2,Home Goods,34.02794761,0,1,0
65,Female,67090.60741,12,Clothing,41.69768359,0,1,0
23,Male,107292.2893,10,Sports,32.34086176,0,0,1
18,Male,47643.76893,15,Electronics,7.269688383,1,5,1
19,Male,137376.3494,12,Sports,7.494351851,0,3,1
20,Female,122036.607,17,Sports,38.46085408,0,3,1
36,Male,49670.59725,19,Sports,35.82007565,0,2,0
45,Female,145322.2629,16,Beauty,34.37060814,0,0,0
20,Female,134117.9102,10,Beauty,31.69368567,0,4,1
41,Female,64051.88441,18,Electronics,16.15297223,1,0,0
46,Female,108414.5451,8,Beauty,18.2583862,1,0,1
34,Female,134420.3759,15,Beauty,19.72005004,0,3,1
41,Male,28476.59686,2,Home Goods,13.80909054,0,5,0
36,Male,68244.682,19,Home Goods,1.555771502,1,3,1
24,Female,76888.40613,15,Home Goods,39.96290689,0,0,1
51,Male,34832.45204,14,Home Goods,29.29788071,0,0,0
22,Female,104911.1628,6,Electronics,27.39368239,0,3,1
55,Female,127216.6209,16,Clothing,47.92198309,1,1,0
53,Male,20715.75389,11,Clothing,23.98144553,1,5,0
24,Male,98139.64168,11,Home Goods,37.69426729,0,5,1
69,Male,126181.3306,1,Home Goods,4.216201505,0,0,0
62,Male,25060.89523,13,Beauty,26.59939486,0,3,0
18,Female,128120.6157,10,Beauty,31.98407975,0,0,1
50,Female,39521.97011,6,Electronics,13.84600508,0,2,0
32,Female,144193.5092,18,Electronics,36.53312184,0,3,1
60,Female,122703.9567,20,Sports,36.57068007,0,4,1
45,Female,120618.8792,12,Clothing,17.93222117,1,5,1
26,Male,21175.00098,12,Clothing,15.42788614,0,5,0
47,Female,54762.26362,9,Beauty,53.36497256,1,4,1
57,Female,54355.91421,12,Home Goods,45.67415806,0,4,0
27,Male,33327.07533,5,Beauty,22.43603175,0,5,0
49,Male,57601.82036,7,Beauty,19.67082002,0,5,0
55,Female,76809.46514,3,Sports,31.50337071,0,0,0
54,Male,122568.0708,2,Clothing,51.94985138,1,1,0
52,Male,28664.76527,16,Beauty,47.54669441,0,5,0
57,Female,31518.05586,5,Sports,54.70278264,0,4,0
49,Female,70898.34076,12,Sports,25.71682421,0,4,0
58,Female,81820.98487,14,Home Goods,55.25845957,0,0,0
41,Female,27551.95377,14,Sports,7.884658076,0,2,0
57,Female,50546.54265,12,Beauty,26.2229459,0,5,0
48,Male,61203.05641,13,Clothing,24.81392782,0,3,0
29,Male,139539.0332,11,Electronics,34.92915473,0,4,1
54,Female,47391.6453,15,Clothing,53.26940475,1,4,1
18,Male,147548.6851,6,Electronics,52.66998979,0,5,1
60,Female,131349.8391,12,Clothing,36.54402548,1,3,1
54,Male,93452.85907,2,Home Goods,17.01442099,0,2,0
21,Male,84513.63787,14,Electronics,38.1196632,0,5,1
56,Male,60865.51471,2,Electronics,42.10853408,0,4,0
66,Female,90659.96825,7,Home Goods,50.89288341,0,5,1
35,Female,53775.71714,18,Electronics,24.39884389,0,3,1
64,Female,121448.8961,18,Beauty,36.72122463,1,4,1
54,Female,117167.7729,3,Home Goods,19.03642601,1,4,0
27,Female,55283.21946,10,Home Goods,16.84179012,0,0,0
24,Male,101106.4587,16,Clothing,16.0012905,1,0,1
64,Male,64250.32355,12,Electronics,19.60956708,0,5,0
66,Male,124009.2259,7,Sports,52.24461702,0,0,0
18,Female,95046.2738,5,Electronics,30.99297377,1,2,1
47,Male,95178.79192,19,Electronics,27.92839294,0,5,0
20,Male,129291.3936,11,Home Goods,56.48933471,0,0,1
31,Male,35780.23436,20,Clothing,14.16209374,1,0,0
44,Female,146500.1612,13,Electronics,16.0250395,1,2,0
63,Male,124000.4526,10,Clothing,1.576983438,0,3,0
60,Female,99682.14572,19,Beauty,22.58805862,0,5,0
36,Female,20567.22505,13,Beauty,28.83022725,0,0,0
42,Female,141860.4486,15,Sports,49.20931885,0,1,0
55,Male,45752.69226,3,Home Goods,43.17900785,0,1,0
19,Male,106658.0623,19,Sports,1.230932238,1,5,1
22,Female,25463.20777,2,Beauty,43.64335188,1,4,1
61,Female,118945.7998,4,Electronics,19.62754666,0,0,0
47,Male,85081.15485,7,Beauty,18.00170685,0,0,0
65,Male,56305.8915,11,Home Goods,36.66987251,0,4,1
23,Female,45458.30094,3,Beauty,33.41025555,0,3,0
41,Male,84539.94981,15,Electronics,2.721023645,0,3,0
45,Male,31022.96209,16,Home Goods,55.34748893,0,2,0
39,Female,53820.51283,8,Beauty,23.54117907,0,2,0
29,Female,110297.4055,19,Clothing,20.52852491,1,3,1
21,Male,58640.915,17,Electronics,3.24490152,1,5,1
61,Female,47194.1105,3,Beauty,47.7688618,1,2,0
70,Female,67880.23897,2,Electronics,47.12201035,0,2,0
54,Female,96629.01863,10,Electronics,42.63978401,0,3,1
47,Male,47559.22711,17,Beauty,15.20021379,0,5,0
64,Male,38477.82609,17,Beauty,6.394149863,1,1,0
42,Male,74528.23921,19,Sports,4.805544763,1,1,0
48,Male,61203.05641,13,Clothing,24.81392782,0,3,0
25,Male,45905.14374,20,Sports,41.71152361,0,1,0
61,Female,33701.11835,6,Electronics,27.85232963,0,2,0
63,Female,130496.7983,1,Electronics,7.114566862,1,4,0
32,Female,88855.76411,9,Beauty,31.74924977,0,5,1
56,Male,24773.77713,7,Home Goods,22.24587822,0,4,0
49,Female,98244.60665,14,Sports,31.37226986,1,5,1
41,Female,112640.7733,5,Beauty,6.886049904,1,1,0
33,Female,92502.14741,8,Beauty,40.64916597,1,0,1
21,Female,123108.5736,11,Beauty,3.456997318,0,1,0
38,Female,129766.4208,14,Clothing,41.52954467,0,4,1
35,Male,106630.1038,8,Sports,54.55729721,1,1,1
53,Male,143788.8321,0,Beauty,8.341618269,0,1,0
49,Female,74308.92731,13,Clothing,56.13079279,1,5,1
19,Male,120829.5406,20,Sports,17.13897971,0,0,0
52,Female,144359.9007,9,Sports,8.709685194,0,5,0
55,Male,25686.0794,15,Home Goods,23.92922579,0,3,0
22,Male,69652.15315,2,Sports,13.13166777,0,1,0
43,Female,119783.7917,10,Clothing,31.62227992,0,5,1
22,Female,117323.8804,18,Sports,42.6531307,1,1,1
68,Female,117945.6299,13,Clothing,47.27993427,0,2,0
59,Male,138961.7089,13,Beauty,21.15879986,1,1,0
46,Female,31968.70819,16,Electronics,15.33377634,1,1,1
53,Female,147921.7112,10,Beauty,22.23955271,0,0,0
37,Male,48326.03205,14,Clothing,40.65109989,1,3,1
62,Male,122297.4402,12,Electronics,20.01716464,0,3,0
70,Female,34883.39295,18,Clothing,23.37772011,0,0,0
67,Female,136028.0277,20,Home Goods,11.23036791,1,4,1
30,Male,51183.63466,17,Clothing,27.74278018,1,0,1
45,Male,71367.90662,9,Sports,27.40251462,0,3,0
70,Female,52791.33262,1,Clothing,11.82199497,1,3,0
46,Female,71476.16145,18,Clothing,36.36215664,1,3,1
66,Female,40038.85561,4,Clothing,52.41782396,0,1,0
46,Female,118054.4465,6,Clothing,1.242265971,0,2,0
21,Male,59545.83355,10,Clothing,12.08763151,0,0,0
55,Male,70438.27879,14,Clothing,36.46437888,1,5,1
31,Male,96846.93942,15,Sports,37.033175,0,1,1
39,Male,141979.6264,3,Beauty,13.41712066,0,1,0
49,Female,138198.6268,19,Electronics,58.12432161,0,1,0
49,Male,34043.34804,9,Beauty,6.299505636,0,2,0
58,Male,134850.4192,12,Electronics,33.3780117,0,3,1
31,Female,47872.84279,5,Beauty,40.87766475,1,2,1
47,Female,145165.3464,2,Electronics,12.15015394,0,0,0
25,Female,96745.19976,5,Clothing,37.82269178,0,0,0
45,Female,46170.57402,9,Home Goods,27.36023691,0,0,0
41,Female,112003.7755,18,Electronics,12.183775,1,3,1
42,Female,68609.73611,12,Beauty,23.39636203,1,5,1
20,Female,123037.3651,10,Beauty,48.13796516,0,2,1
41,Female,64051.88441,18,Electronics,16.15297223,1,0,0
32,Female,43609.81581,12,Sports,40.32502408,1,5,1
61,Female,83180.06419,8,Beauty,20.33708633,1,3,1
66,Male,69966.15501,7,Clothing,14.80144643,0,3,0
65,Male,124199.8245,14,Beauty,59.69172232,0,5,1
62,Female,86645.11791,6,Home Goods,58.72151765,1,1,1
36,Male,27738.21105,1,Electronics,22.33483179,0,0,0
28,Female,91055.02846,20,Home Goods,47.96194029,1,3,1
42,Male,74762.24693,15,Beauty,21.37060857,0,2,0
25,Female,141280.2321,0,Sports,18.04152545,0,1,0
22,Female,69467.30228,20,Home Goods,22.84729092,1,0,1
68,Male,52087.103,2,Electronics,59.01984601,0,3,0
66,Female,141127.9835,0,Clothing,1.128864429,0,3,0
28,Male,143620.7173,0,Sports,25.58152621,0,3,0
25,Male,99811.36602,4,Home Goods,13.3851647,0,4,0
54,Male,86646.80437,10,Electronics,12.74166637,0,2,0
39,Male,143600.452,19,Clothing,5.721077916,1,5,1
43,Male,144286.1287,5,Sports,38.39149114,0,4,0
56,Female,69481.02815,17,Electronics,11.06546635,0,0,0
65,Male,140429.7389,18,Home Goods,39.959814,0,4,1
24,Female,146187.9509,13,Sports,39.59057562,1,1,0
18,Female,111861.8831,5,Home Goods,31.02756508,1,3,0
56,Female,108429.6113,20,Home Goods,29.53090056,0,1,0
62,Male,83471.34781,0,Sports,41.6756109,0,4,0
68,Male,124514.606,5,Beauty,38.16247161,0,4,0
37,Female,111293.6396,18,Electronics,31.78099628,0,4,1
67,Male,40127.71964,16,Sports,51.17533977,0,5,1
24,Female,82795.16068,13,Electronics,35.98597936,1,3,1
34,Male,21573.40518,0,Sports,16.76275049,1,5,0
26,Female,98453.39666,7,Home Goods,37.05734987,0,0,1
46,Female,34428.631,12,Clothing,11.88167624,1,1,0
38,Female,23355.5479,12,Beauty,51.64149548,0,5,1
18,Female,111861.8831,5,Home Goods,31.02756508,1,3,0
34,Female,146881.797,2,Beauty,11.45568836,0,4,0
66,Male,127577.4599,14,Sports,26.18063196,0,5,0
47,Female,145909.8531,14,Home Goods,18.13172454,0,3,1
33,Female,53713.53665,10,Beauty,8.416648484,0,1,0
30,Male,108025.6832,0,Electronics,59.56490736,1,4,1
65,Female,28899.63351,1,Electronics,1.171791352,0,1,0
62,Female,87062.04735,7,Electronics,21.12781022,0,3,0
40,Female,127575.8216,2,Electronics,35.5506459,0,0,0
28,Male,64992.96445,17,Clothing,21.51916178,0,1,0
30,Female,131433.3034,1,Sports,8.40934406,0,0,0
43,Male,76162.46059,10,Clothing,39.71456314,0,1,1
19,Female,140799.647,17,Clothing,41.42688577,0,5,1
40,Female,72373.52674,9,Home Goods,30.45102016,1,0,1
42,Female,35733.25006,10,Sports,5.153916382,1,0,0
24,Female,46036.66232,11,Clothing,42.32683706,0,1,0
63,Male,79701.18409,7,Home Goods,44.77932466,0,4,1
39,Female,55921.4841,17,Sports,33.41628813,1,0,0
19,Female,52289.86914,4,Beauty,35.85813662,1,4,0
27,Female,149716.7112,16,Beauty,48.04287153,0,3,1
30,Male,147553.1188,7,Beauty,41.22176617,0,2,1
57,Male,131153.9262,20,Beauty,31.1690063,1,1,1
63,Female,144383.976,20,Sports,52.21003188,1,0,1
66,Male,73432.73978,10,Sports,47.54776231,0,4,1
42,Male,48710.86179,13,Sports,53.0501385,0,0,0
33,Female,124648.57,4,Sports,22.28757237,1,3,1
51,Male,98454.10249,4,Electronics,22.03992586,0,2,0
28,Female,98382.57394,16,Sports,41.41535911,0,0,1
27,Male,87789.75303,11,Beauty,17.74881271,0,1,0
70,Female,77257.37554,7,Beauty,25.86915977,0,5,0
30,Male,87268.02573,12,Beauty,6.619687104,0,4,1
60,Male,127807.2839,17,Electronics,44.68231952,0,4,1
39,Male,134650.6086,3,Beauty,40.48668195,1,5,1
18,Female,138891.3263,15,Home Goods,21.5769136,1,4,1
23,Female,45458.30094,3,Beauty,33.41025555,0,3,0
37,Female,72468.13031,2,Home Goods,10.37656124,0,4,1
66,Female,46693.28203,14,Beauty,19.03326131,0,3,1
56,Female,72387.42324,16,Home Goods,5.422642565,0,2,0
22,Male,34919.95334,15,Electronics,25.00700745,0,3,0
65,Male,124343.6303,16,Home Goods,21.75148657,0,5,0
26,Male,138229.0994,12,Sports,54.45512519,0,1,1
53,Male,108115.716,11,Beauty,18.38159664,1,4,1
49,Male,21612.52472,3,Electronics,8.506268329,0,3,0
61,Female,90303.18815,7,Clothing,57.68893561,0,3,1
20,Male,143199.4434,14,Sports,39.75209863,0,4,1
60,Male,56120.86089,12,Home Goods,52.79299135,0,0,0
47,Male,142815.7136,3,Beauty,25.44529383,1,2,1
67,Female,97696.87675,11,Home Goods,52.36961662,0,5,1
70,Female,59690.38797,2,Electronics,46.61689381,0,4,0
68,Female,60677.96125,0,Home Goods,58.16910386,1,4,1
61,Male,71826.19361,11,Home Goods,6.724074876,0,5,0
18,Male,59728.54801,14,Electronics,44.32665208,1,1,1
46,Female,133864.8009,14,Home Goods,24.60174852,1,1,0
19,Male,145726.46,10,Electronics,37.71587577,0,0,1
22,Female,99634.55088,17,Electronics,14.04322162,0,5,1
49,Male,145634.2602,7,Sports,7.207953759,0,4,0
45,Female,79870.13465,8,Sports,28.55405412,0,4,0
22,Female,26497.27373,6,Electronics,17.46950386,0,2,0
67,Female,21081.59249,3,Clothing,48.48513622,0,4,1
41,Female,27551.95377,14,Sports,7.884658076,0,2,0
29,Female,26264.18161,10,Electronics,14.00583521,1,1,0
70,Male,29828.65528,14,Beauty,44.85437404,0,3,0
65,Female,81396.63454,20,Electronics,45.26603794,0,2,0
37,Male,105301.0389,3,Clothing,53.33552192,0,2,0
29,Female,128078.5569,12,Electronics,42.26369972,0,4,1
58,Male,64879.00856,17,Sports,57.34872804,0,4,1
56,Female,24884.24175,14,Beauty,34.2927266,1,1,0
52,Female,119368.4461,6,Home Goods,54.46211463,0,4,1
35,Female,66515.83093,5,Sports,16.42244168,0,0,0
20,Female,99727.91904,1,Clothing,49.42957397,0,1,1
50,Male,74383.40233,13,Clothing,52.09536825,0,2,0
54,Female,30322.856,10,Clothing,5.665485238,1,4,0
46,Male,68222.33106,4,Clothing,48.64463907,1,5,1
35,Male,51093.41355,11,Beauty,59.00081728,1,3,1
64,Male,23067.3454,4,Electronics,47.13402221,0,0,0
44,Male,36622.68416,11,Electronics,25.20727537,0,1,0
23,Male,126812.7967,15,Clothing,17.17567822,0,1,0
34,Male,30624.29495,19,Beauty,38.48063425,0,5,1
45,Female,23275.14381,19,Sports,12.83729332,1,3,0
54,Female,25129.73928,20,Home Goods,57.34635226,0,3,0
26,Male,107451.3892,19,Clothing,39.90208585,1,1,1
28,Male,39105.15225,10,Clothing,36.97165461,0,4,1
21,Male,81251.82686,11,Sports,6.701794466,0,2,0
36,Female,44907.08295,19,Electronics,47.6084955,0,1,0
69,Male,32088.78318,14,Clothing,9.473661306,0,1,0
31,Female,38101.89825,19,Sports,27.93402247,0,5,0
41,Female,30478.19679,2,Home Goods,36.26031395,0,3,0
54,Male,67832.29767,17,Beauty,59.32093858,0,1,0
69,Male,126181.3306,1,Home Goods,4.216201505,0,0,0
51,Female,125070.5773,7,Clothing,15.89170118,0,3,0
27,Male,65252.42711,19,Home Goods,56.72335759,1,5,1
41,Female,49727.98135,14,Home Goods,30.39372445,1,2,0
57,Male,115636.2049,7,Sports,2.699269652,0,5,0
43,Male,129388.1819,14,Electronics,32.22677944,1,3,1
55,Female,86155.77223,15,Sports,7.259414997,0,4,0
32,Female,105104.5893,6,Clothing,36.33410259,1,0,1
37,Male,74954.7228,15,Beauty,3.911624258,0,0,0
64,Male,92958.96248,19,Beauty,31.04031997,0,3,1
69,Male,21638.9776,4,Home Goods,18.51684478,1,2,0
21,Male,144531.4357,19,Electronics,35.54811632,1,4,1
40,Male,145714.5858,15,Sports,17.8098819,0,3,0
68,Male,85400.9136,5,Sports,27.49592017,0,5,0
46,Female,104305.6266,8,Sports,28.62037457,1,4,1
50,Male,53620.70854,7,Sports,54.04241498,1,5,1
34,Female,46489.63969,19,Sports,58.98874695,1,4,1
22,Male,82842.96668,2,Beauty,43.36800254,0,3,1
56,Female,115299.2685,1,Clothing,35.19620692,1,5,1
60,Male,84072.39598,4,Sports,23.19753332,0,2,0
50,Male,51462.8704,11,Electronics,40.01965825,0,0,0
66,Female,48478.94518,10,Clothing,1.92605843,0,3,0
70,Female,106116.4215,1,Electronics,53.32361327,1,5,1
46,Male,95978.35827,20,Beauty,16.30458459,0,0,1
41,Female,108740.2388,8,Clothing,37.69854214,0,0,0
50,Male,144881.5068,10,Sports,36.84083348,1,5,1
23,Male,129674.4563,14,Beauty,39.13554162,0,4,1
49,Female,21213.11058,11,Electronics,18.67382286,0,3,0
58,Female,99027.67783,18,Electronics,41.85832675,0,0,0
53,Male,99329.26943,3,Home Goods,54.79194305,1,0,0
67,Female,110466.8854,17,Electronics,43.10866926,0,1,0
33,Male,60815.67326,9,Beauty,19.5592849,0,3,1
45,Female,81989.65088,14,Electronics,2.391926099,0,5,0
40,Female,110343.6416,20,Home Goods,25.0658603,1,4,1
62,Female,79704.47563,16,Sports,19.88334689,0,2,0
50,Female,145159.8855,14,Clothing,21.3937592,1,0,0
52,Male,57492.70692,4,Clothing,5.526680568,1,2,0
34,Male,109403.8655,11,Beauty,25.41024096,1,3,1
68,Male,147396.1428,11,Sports,34.90034966,0,2,0
59,Female,102717.876,9,Electronics,21.62184527,0,5,0
31,Male,128612.4293,12,Beauty,33.43610852,0,2,1
23,Female,82526.47569,5,Clothing,43.9211476,0,0,0
66,Male,92049.44684,14,Electronics,5.530945373,0,4,0
44,Male,68075.72328,9,Electronics,33.97824118,1,2,1
45,Male,78197.5453,20,Home Goods,25.11588201,1,1,0
31,Male,76895.97266,10,Beauty,16.57455566,0,1,0
36,Female,74837.66321,18,Home Goods,19.61765499,0,3,1
50,Male,49396.29306,14,Sports,59.89350821,1,5,1
42,Male,25934.33692,10,Electronics,22.7940787,1,4,0
66,Male,43317.40866,3,Home Goods,51.85063379,0,3,0
46,Female,123247.3861,16,Sports,4.546404809,0,0,0
63,Female,52441.00598,1,Sports,37.50607196,0,3,0
55,Female,78034.53713,4,Electronics,21.1159203,1,1,0
32,Male,60272.4217,18,Beauty,7.270432183,1,3,1
68,Male,111480.9714,15,Beauty,19.0775291,1,5,1
24,Female,149332.6212,8,Home Goods,1.703160996,0,0,0
57,Female,117678.7612,10,Electronics,30.93599614,0,4,1
69,Male,32893.15295,15,Clothing,56.19006464,0,0,0
24,Male,141252.3661,8,Sports,19.27426169,1,3,1
60,Female,76259.69435,4,Clothing,5.111751107,0,3,0
40,Male,91234.73357,10,Clothing,50.46557865,0,1,0
35,Female,104039.6364,1,Beauty,16.24516622,1,5,1
28,Female,79064.905,11,Sports,51.91487874,1,1,0
66,Female,48478.94518,10,Clothing,1.92605843,0,3,0
20,Male,68326.10834,19,Home Goods,13.5243734,0,2,0
34,Male,91825.12576,15,Sports,22.22757539,1,1,1
57,Female,76759.84467,3,Clothing,11.27842983,0,2,0
20,Male,82785.95337,14,Home Goods,5.089158609,0,4,1
32,Female,25453.65905,15,Beauty,28.67452492,0,1,0
41,Female,65461.41987,0,Clothing,50.12893103,1,0,0
68,Male,147396.1428,11,Sports,34.90034966,0,2,0
42,Male,54021.73889,18,Beauty,1.044114794,1,2,0
44,Male,49607.46569,5,Sports,13.3344296,0,5,0
21,Female,123108.5736,11,Beauty,3.456997318,0,1,0
41,Male,27063.16453,8,Electronics,4.88209485,0,0,0
40,Male,114116.4972,7,Beauty,30.5171406,1,5,1
52,Male,105978.1794,8,Electronics,54.78634191,0,4,1
44,Male,120702.3915,7,Home Goods,41.35453266,0,3,1
34,Female,57148.5822,20,Home Goods,54.29682438,0,4,1
65,Female,87154.4417,7,Electronics,7.498394692,0,3,0
63,Female,147568.6218,18,Home Goods,51.45475535,0,4,1
51,Male,49533.34241,8,Beauty,55.1485865,0,5,0
69,Female,63486.46754,16,Home Goods,56.78419677,1,3,1
29,Female,144164.9769,8,Electronics,9.496190211,1,2,1
38,Male,21860.9861,0,Sports,20.84439788,0,4,0
23,Female,90490.83671,8,Electronics,15.12060491,1,1,1
28,Male,59880.95794,6,Clothing,51.67165342,1,3,1
67,Male,33135.95543,14,Clothing,30.56137398,0,4,0
66,Male,33767.75457,3,Beauty,54.26692912,0,0,1
33,Female,129552.5473,16,Electronics,17.48136626,0,5,1
45,Male,83010.51733,2,Beauty,13.20106289,1,0,0
37,Female,37352.39641,10,Beauty,35.11488449,0,5,1
35,Male,97769.28823,1,Home Goods,37.97946065,1,2,1
47,Male,63974.77578,12,Electronics,50.56111108,0,5,1
69,Female,95685.83706,8,Electronics,57.73515275,0,4,1
29,Female,51136.32209,16,Clothing,35.69943786,0,0,1
43,Female,46739.34409,10,Beauty,37.20730808,1,1,0
42,Female,103574.6483,5,Home Goods,32.13796185,1,3,1
37,Female,112875.1413,1,Sports,20.06846074,0,1,0
26,Male,123071.0745,11,Electronics,16.2089308,0,5,1
52,Female,133580.8172,15,Sports,44.02344596,1,2,1
26,Female,53107.18087,14,Clothing,48.74249342,1,3,1
47,Female,49291.20089,13,Sports,1.287236052,0,4,0
29,Female,26264.18161,10,Electronics,14.00583521,1,1,0
67,Female,102433.5241,8,Home Goods,34.42457177,1,5,1
42,Female,45381.27838,3,Electronics,51.44962477,0,3,0
42,Male,25934.33692,10,Electronics,22.7940787,1,4,0
46,Female,52107.24388,10,Electronics,36.0540471,0,5,1
49,Male,66513.77449,0,Electronics,46.02585341,0,2,0
22,Male,121637.1022,2,Beauty,7.814846103,0,5,0
19,Female,42729.02154,0,Sports,35.71357566,0,3,0
58,Female,99027.67783,18,Electronics,41.85832675,0,0,0
41,Male,129313.3053,12,Beauty,40.69706971,0,1,0
52,Male,129451.3637,13,Electronics,23.59127783,0,5,0
51,Male,28119.48717,13,Beauty,26.98207916,0,1,0
37,Male,45600.34158,0,Beauty,31.86632205,0,0,0
44,Male,65435.82837,17,Home Goods,18.07674571,0,1,0
38,Male,87431.12927,0,Sports,43.59700567,1,2,1
25,Male,122206.7348,10,Home Goods,52.49698382,0,5,1
66,Male,119516.6769,9,Beauty,42.36750898,0,5,1
57,Female,31518.61282,7,Beauty,5.45646288,0,1,0
66,Female,117622.1738,10,Electronics,11.15795262,0,4,0
62,Male,105931.8531,14,Home Goods,48.20900626,0,3,1
29,Female,122498.1546,12,Home Goods,18.13135124,0,5,1
49,Male,83391.61526,15,Beauty,37.45413261,0,0,0
40,Female,98921.64523,15,Sports,30.81586643,1,1,1
50,Female,95764.88856,12,Electronics,52.92912924,0,5,1
62,Male,79728.07989,0,Clothing,31.25728638,1,2,0
46,Female,133864.8009,14,Home Goods,24.60174852,1,1,0
69,Male,56721.41543,16,Clothing,56.53166695,1,2,1
63,Male,85623.42778,18,Electronics,11.65756518,0,1,0
46,Male,148031.5924,19,Home Goods,32.5927639,0,4,1
61,Female,85342.06154,9,Clothing,28.59717185,0,3,0
54,Female,28273.31821,14,Beauty,38.66265384,1,4,1
40,Male,49200.02954,1,Sports,6.12019429,0,2,0
54,Female,117167.7729,3,Home Goods,19.03642601,1,4,0
30,Female,132019.8175,19,Beauty,19.28207332,1,4,1
61,Female,126478.2568,9,Clothing,37.35479495,0,4,1
32,Male,61031.55469,11,Sports,17.70992594,0,3,1
52,Female,135258.548,4,Clothing,31.32737882,0,1,0
55,Female,100546.6139,6,Sports,9.126311834,1,3,1
30,Male,47756.47762,4,Electronics,6.802350374,0,4,0
56,Male,68381.7131,12,Sports,14.97411877,0,5,0
38,Male,89214.6887,5,Home Goods,9.816739253,0,3,0
46,Male,55076.69362,5,Sports,45.41800103,1,1,0
64,Female,62207.8705,2,Electronics,41.93792655,0,0,0
50,Female,44510.27875,17,Clothing,20.21643048,0,5,1
68,Female,131240.4922,7,Beauty,19.49516423,1,2,0
52,Male,104713.1689,15,Sports,33.68422704,0,2,0
68,Male,28970.98704,13,Clothing,36.60084852,1,2,0
51,Male,89590.31709,8,Clothing,7.459967381,1,4,1
53,Female,59381.01773,4,Sports,34.32564477,1,3,1
21,Male,28144.91645,16,Home Goods,38.58806744,0,3,1
27,Female,101233.6329,9,Electronics,50.25906627,1,2,1
41,Female,81882.35682,7,Home Goods,45.7950998,0,2,0
56,Male,123728.8408,9,Clothing,3.921245152,1,1,0
45,Male,149200.2906,7,Beauty,59.96084052,0,1,0
19,Male,34496.5876,13,Clothing,39.70407992,1,2,1
64,Female,90031.23373,4,Sports,9.723293834,0,4,0
45,Male,130580.0875,17,Clothing,6.926995431,1,2,0
47,Male,52630.17982,13,Electronics,11.49490793,1,5,1
66,Female,77089.47616,3,Sports,51.09358179,1,2,0
49,Male,70394.34471,15,Beauty,32.68792388,1,5,1
70,Female,144468.2425,11,Sports,46.72077987,0,2,0
40,Female,59617.6424,2,Electronics,16.78409478,1,2,0
57,Female,103279.9739,1,Clothing,2.466711439,0,2,0
45,Female,33736.40895,15,Sports,58.88164687,0,1,0
38,Female,111330.2652,15,Sports,22.20841269,1,2,1
49,Female,94366.32364,6,Beauty,6.955555908,1,1,0
50,Female,39355.44654,5,Sports,4.643980791,1,3,0
47,Female,58009.80435,1,Sports,8.994176617,0,4,0
53,Female,135718.3479,3,Home Goods,43.738795,0,1,0
21,Female,115255.3517,17,Sports,42.8385043,0,0,0
62,Male,147857.7915,5,Electronics,20.08312845,1,4,0
27,Female,58355.292,11,Home Goods,17.94272114,1,2,1
53,Female,90593.19591,16,Clothing,19.36048953,1,2,0
69,Female,96162.4225,17,Beauty,33.27671646,0,3,1
34,Female,145323.7501,2,Sports,51.06045039,0,3,1
38,Male,38203.13268,1,Sports,10.41285744,1,0,0
30,Male,22281.80724,12,Home Goods,46.37735687,1,3,1
44,Male,131015.0557,17,Clothing,34.1248643,1,4,1
22,Male,69652.15315,2,Sports,13.13166777,0,1,0
60,Male,105455.9527,2,Sports,44.87254854,1,1,0
22,Male,141716.4808,17,Home Goods,41.60491625,1,1,1
57,Male,55629.30661,8,Clothing,30.94303657,1,3,1
64,Female,74145.57615,15,Clothing,58.77653419,1,5,1
18,Female,54909.38829,18,Sports,32.72332778,0,4,1
31,Female,82515.71906,1,Electronics,35.88676779,1,1,1
36,Male,87788.37314,14,Clothing,37.3962006,0,1,1
69,Female,74931.29568,20,Electronics,17.8793054,0,0,0
60,Female,87787.93958,7,Electronics,37.61285397,1,5,1
50,Female,24024.25282,11,Home Goods,22.4090832,0,5,0
18,Male,67898.35959,2,Electronics,51.94237086,0,1,0
46,Female,59820.75484,18,Home Goods,4.000351995,0,3,0
25,Female,136978.3349,10,Home Goods,11.71625389,0,4,1
70,Male,131563.0169,5,Beauty,1.939295769,0,2,0
45,Male,72980.59403,3,Clothing,23.34177839,0,3,0
20,Male,73251.75634,19,Beauty,57.90149859,1,5,1
68,Male,28970.98704,13,Clothing,36.60084852,1,2,0
29,Male,77530.91693,10,Clothing,56.03350551,0,3,0
66,Female,56488.81802,13,Beauty,30.95737696,0,3,1
54,Male,121892.932,10,Clothing,48.52426672,0,3,1
69,Male,116017.6696,9,Sports,1.094470065,0,2,0
60,Male,111906.9434,15,Sports,9.568276175,0,0,0
24,Female,76365.76304,4,Beauty,22.77026915,1,3,1
61,Male,58943.53813,12,Home Goods,37.72017996,1,1,1
35,Male,137813.0955,13,Clothing,43.43873593,0,5,1
47,Male,123287.0208,6,Electronics,36.63130618,0,0,0
66,Male,114751.9875,17,Beauty,10.08383108,0,4,0
51,Male,49383.76972,1,Electronics,29.71831185,1,1,0
70,Male,89340.26174,7,Home Goods,38.13599896,0,3,1
57,Female,127579.9264,16,Home Goods,41.34350385,1,3,1
48,Female,90290.80196,20,Sports,44.35079804,0,5,1
20,Male,106292.6592,17,Beauty,3.997352792,0,4,1
29,Female,21521.8594,3,Electronics,33.85348299,0,2,0
58,Female,82930.01906,14,Home Goods,12.85175363,0,4,0
52,Male,46177.29168,7,Clothing,38.35202246,0,4,0
70,Male,106972.9039,4,Beauty,42.44191659,1,2,0
33,Male,142424.3425,3,Clothing,23.64257502,0,0,0
57,Female,40445.51706,10,Beauty,56.26301697,0,2,0
50,Male,92885.81227,0,Sports,4.727802715,0,2,0
18,Male,99007.77589,10,Clothing,16.26359915,0,3,1
40,Female,76472.43147,6,Clothing,53.88061158,0,4,0
67,Female,110466.8854,17,Electronics,43.10866926,0,1,0
23,Female,81595.27769,8,Electronics,31.94553388,1,1,1
41,Female,28095.50376,10,Home Goods,25.06833128,0,0,0
22,Female,59164.4839,12,Clothing,30.11907592,0,3,1
19,Male,21019.4068,20,Electronics,12.68217879,0,4,0
31,Female,91982.4931,8,Beauty,15.0116765,0,3,1
68,Male,80311.22327,14,Home Goods,19.08009786,0,3,0
69,Female,27975.45152,18,Sports,4.368565937,0,0,0
60,Male,135733.5469,1,Beauty,46.10952756,1,3,1
29,Male,75955.56334,17,Home Goods,2.620763188,0,4,1
62,Male,70250.26589,16,Electronics,39.09015649,0,5,1
42,Female,133175.1953,15,Sports,5.759516276,0,5,0
55,Male,101221.9022,14,Home Goods,39.34717379,1,5,1
33,Female,105058.0318,19,Electronics,36.85892788,1,0,1
54,Female,30682.31677,18,Clothing,28.01049102,1,2,0
22,Female,113951.9045,2,Electronics,18.65565674,0,1,0
29,Male,112824.2438,20,Sports,53.43639654,0,4,1
35,Female,97367.11774,14,Home Goods,40.06459772,0,1,1
24,Male,125414.2155,11,Sports,19.45008441,0,4,1
39,Male,34204.34734,17,Beauty,27.13410963,0,5,0
49,Male,95780.38738,18,Electronics,21.86093229,1,2,1
32,Female,35979.6882,11,Clothing,43.85190652,0,4,1
55,Male,81936.80822,6,Clothing,56.9437119,1,4,1
68,Male,80311.22327,14,Home Goods,19.08009786,0,3,0
21,Female,120794.9996,10,Electronics,7.630770005,0,2,0
28,Female,141304.7331,0,Clothing,17.35151676,0,1,0
41,Male,116615.1158,19,Home Goods,32.15601677,0,1,0
22,Male,55799.55265,9,Sports,54.27864454,1,1,1
19,Male,26090.74811,0,Home Goods,53.5875222,0,4,0
18,Female,83126.66096,20,Beauty,2.280305621,0,1,0
30,Male,71611.95536,20,Clothing,38.68168553,0,5,1
63,Male,71874.59129,10,Home Goods,43.54624261,0,1,0
34,Female,20418.37427,9,Clothing,54.45995479,0,0,0
34,Female,104649.186,14,Clothing,28.99811666,0,1,0
39,Female,65048.14183,13,Electronics,34.59074328,0,5,1
67,Female,28775.33107,18,Home Goods,17.6257072,0,1,1
40,Female,57363.24754,7,Sports,12.20603321,0,0,0
63,Male,134021.7755,16,Home Goods,37.3116338,1,0,1
50,Male,52625.66597,13,Electronics,25.34801665,1,4,1
